Date,Time,Period,Unit V,Unit A,Unit W,Unit An,Voltage/Phase 1,Voltage/Phase 2,Voltage/Phase 3,Voltage/Triphasic ~,Maximum voltage/Phase 1,Maximum voltage/Phase 2,Maximum voltage/Phase 3,Maximum voltage/Triphasic ~,Minimum voltage/Phase 1,Minimum voltage/Phase 2,Minimum voltage/Phase 3,Minimum voltage/Triphasic ~,Current/Phase 1,Current/Phase 2,Current/Phase 3,Current/Triphasic ~,Current/In,Maximum current/Phase 1,Maximum current/Phase 2,Maximum current/Phase 3,Maximum current/Triphasic ~,Maximum current/In,Power/Phase 1 +,Power/Phase 2 +,Power/Phase 3 +,Power/Triphasic +,Power L/Phase 1 +,Power L/Phase 2 +,Power L/Phase 3 +,Power L/Triphasic +,Power C/Phase 1 +,Power C/Phase 2 +,Power C/Phase 3 +,Power C/Triphasic +,Power factor/Phase 1 +,Power factor/Phase 2 +,Power factor/Phase 3 +,Power factor/Triphasic +,Frequency/Inst,Aparent power/Phase 1 ~,Aparent power/Phase 2 ~,Aparent power/Phase 3 ~,Aparent power/Triphasic,Energy/Energy III +,Energy/Energy L III +,Energy/Energy C III +,Maximum aparent power/Phase 1 maximum ~,Maximum aparent power/Phase 2 maximum ~,Maximum aparent power/Phase 3 maximum ~,Maximum aparent power/Triphasic maximum
06/28/2011,16:55:31,600.0,V,A,W,A,225,225,225,225,225,225,225,225,224,224,224,224,0.000,0.000,0.000,0.000,0.000,0.000,0.000,0.000,0.000,0.000,0,0,0,0,0,0,0,0,0,0,0,0,0.00,0.00,0.00,0.00,49.8,0.000,0.000,0.000,0,3893.645,455.551,8.329,0.000,0.000,0.000,0
06/28/2011,17:00:00,600.0,V,A,W,A,225,224,224,224,226,226,225,226,223,223,223,223,6.006,5.850,6.320,6.059,0.000,13.026,13.104,12.485,12.872,0.000,633,629,742,2004,1098,1073,1113,3284,0,0,0,0,0.48,0.47,0.52,0.49,50.0,1351.350,1310.400,1415.680,4087,3893.982,456.104,8.329,2943.876,2961.504,2809.125,8684
06/28/2011,17:10:00,600.0,V,A,W,A,225,225,225,225,227,227,226,227,224,224,224,224,7.176,6.942,7.335,7.151,0.000,19.579,18.720,20.133,19.477,0.000,800,777,853,2430,1266,1240,1298,3804,0,0,0,0,0.50,0.50,0.52,0.51,50.0,1614.600,1561.950,1650.375,4842,3894.393,456.738,8.329,4444.433,4249.440,4550.058,13169
06/28/2011,17:20:00,600.0,V,A,W,A,226,226,225,226,227,227,227,227,225,225,225,225,7.722,7.566,7.959,7.749,0.000,14.430,15.756,15.763,15.316,0.000,894,869,964,2727,1359,1332,1391,4082,0,0,0,0,0.51,0.50,0.54,0.52,50.0,1745.172,1709.916,1790.775,5258,3894.848,457.421,8.329,3275.610,3576.612,3578.201,10381
06/28/2011,17:30:00,600.0,V,A,W,A,226,226,225,226,227,227,226,227,225,225,224,225,7.644,7.410,7.881,7.645,0.000,18.876,17.862,19.899,18.879,0.000,856,832,946,2634,1359,1332,1373,4064,0,0,0,0,0.50,0.50,0.53,0.51,50.0,1727.544,1674.660,1773.225,5185,3895.291,458.102,8.329,4284.852,4054.674,4497.174,12813
06/28/2011,17:40:00,600.0,V,A,W,A,226,226,226,226,228,228,227,228,226,226,225,226,4.602,4.368,4.526,4.499,0.000,16.302,15.600,15.060,15.654,0.000,633,610,593,1836,577,555,593,1725,0,0,0,0,0.60,0.63,0.59,0.61,50.0,1040.052,987.168,1022.876,3058,3895.601,458.395,8.330,3716.856,3556.800,3418.620,10622
06/28/2011,17:50:00,600.0,V,A,W,A,227,227,227,227,229,229,228,229,226,226,225,226,4.758,4.602,4.682,4.681,0.000,7.254,7.098,7.179,7.177,0.000,633,629,575,1837,707,666,723,2096,0,0,0,0,0.59,0.60,0.54,0.58,50.0,1080.066,1044.654,1062.814,3193,3895.910,458.749,8.330,1661.166,1625.442,1636.812,4883
06/28/2011,18:00:00,600.0,V,A,W,A,228,228,228,228,229,229,229,229,227,227,226,227,7.332,7.098,7.491,7.307,0.000,15.600,14.976,16.543,15.706,0.000,763,740,816,2319,1378,1351,1391,4120,0,0,0,0,0.45,0.46,0.48,0.46,50.0,1671.696,1618.344,1707.948,5010,3896.300,459.440,8.330,3572.400,3429.504,3788.347,10774
06/28/2011,18:10:00,600.0,V,A,W,A,227,227,226,227,228,228,228,228,225,226,225,225,8.424,8.190,8.661,8.425,0.000,10.608,10.374,10.690,10.557,0.000,838,814,946,2598,1620,1591,1632,4843,0,0,0,0,0.44,0.43,0.48,0.45,50.0,1912.248,1859.130,1957.386,5735,3896.734,460.248,8.330,2418.624,2365.272,2437.320,7198
06/28/2011,18:20:00,600.0,V,A,W,A,228,228,228,228,229,230,229,229,227,227,226,227,8.502,8.268,8.740,8.503,0.000,11.310,10.920,11.549,11.260,0.000,838,814,946,2598,1657,1628,1670,4955,0,0,0,0,0.43,0.43,0.47,0.44,50.0,1938.456,1885.104,1992.720,5819,3897.167,461.073,8.330,2589.990,2511.600,2644.721,7731
06/28/2011,18:30:00,600.0,V,A,W,A,228,228,228,228,229,230,229,229,227,228,227,227,8.424,8.268,8.661,8.451,0.000,10.686,10.452,11.237,10.792,0.000,819,795,927,2541,1657,1628,1670,4955,0,0,0,0,0.42,0.42,0.47,0.44,50.0,1920.672,1885.104,1974.708,5795,3897.595,461.904,8.330,2447.094,2403.960,2573.273,7428
06/28/2011,18:40:00,600.0,V,A,W,A,228,228,228,228,229,229,229,229,227,227,227,227,6.942,6.786,7.257,6.995,0.000,10.452,10.296,10.768,10.505,0.000,558,555,686,1799,1434,1406,1428,4268,0,0,0,0,0.35,0.36,0.42,0.38,50.0,1582.776,1547.208,1654.596,4788,3897.899,462.617,8.330,2393.508,2357.784,2465.872,7177
06/28/2011,18:50:00,600.0,V,A,W,A,228,228,228,228,230,230,229,230,227,227,227,227,4.134,4.056,4.526,4.239,0.000,4.446,4.524,5.072,4.681,0.000,204,240,352,796,931,925,927,2783,0,0,0,0,0.23,0.27,0.35,0.29,50.0,942.552,924.768,1031.928,2907,3898.040,463.083,8.330,1022.580,1040.520,1161.488,3215
06/28/2011,19:00:00,600.0,V,A,W,A,228,229,228,228,229,230,229,229,227,228,227,227,2.418,2.418,2.653,2.496,0.000,12.558,13.104,12.407,12.690,0.000,130,148,222,500,540,536,556,1632,0,0,0,0,0.24,0.28,0.37,0.30,50.0,551.304,553.722,604.884,1713,3898.127,463.360,8.330,2875.782,3013.920,2841.203,8716
06/28/2011,19:10:00,600.0,V,A,W,A,229,229,229,229,230,230,230,230,228,228,228,228,5.382,5.304,5.540,5.409,0.000,8.424,8.424,8.583,8.477,0.000,558,610,705,1873,987,962,946,2895,0,0,0,0,0.46,0.50,0.56,0.51,50.0,1232.478,1214.616,1268.660,3723,3898.443,463.844,8.330,1937.520,1937.520,1974.090,5839
06/28/2011,19:20:00,600.0,V,A,W,A,229,229,229,229,231,231,231,231,227,228,228,228,6.084,6.006,6.242,6.111,0.000,10.764,11.700,11.783,11.416,0.000,726,777,890,2393,1024,1017,983,3024,0,0,0,0,0.53,0.56,0.62,0.57,50.0,1393.236,1375.374,1429.418,4208,3898.846,464.352,8.330,2486.484,2702.700,2721.873,7814
06/28/2011,19:30:00,600.0,V,A,W,A,229,229,229,229,230,231,230,230,228,228,228,228,8.346,8.190,8.427,8.321,0.000,10.296,10.218,10.456,10.323,0.000,745,758,890,2393,1713,1684,1688,5085,0,0,0,0,0.38,0.41,0.46,0.42,50.0,1911.234,1875.510,1929.783,5727,3899.246,465.201,8.330,2368.080,2360.358,2404.880,7129
06/28/2011,19:40:00,600.0,V,A,W,A,230,230,230,230,231,232,232,232,229,229,229,229,3.354,3.354,3.589,3.432,0.000,12.246,13.572,13.578,13.132,0.000,223,259,334,816,707,703,705,2115,0,0,0,0,0.30,0.34,0.40,0.35,50.0,771.420,771.420,825.470,2373,3899.385,465.557,8.330,2828.826,3148.704,3150.096,9088
06/28/2011,19:50:00,600.0,V,A,W,A,229,229,229,229,230,231,230,230,228,228,228,228,4.134,4.134,4.604,4.291,0.000,4.524,4.524,5.228,4.759,0.000,204,259,371,834,949,943,946,2838,0,0,0,0,0.22,0.27,0.36,0.29,50.0,946.686,946.686,1054.316,2955,3899.529,466.031,8.330,1040.520,1045.044,1202.440,3240
06/28/2011,20:00:00,600.0,V,A,W,A,230,230,230,230,232,232,232,232,229,229,229,229,4.446,4.446,4.370,4.421,0.000,8.346,8.970,8.583,8.633,0.000,558,610,593,1761,540,518,519,1577,0,0,0,0,0.55,0.60,0.59,0.58,50.0,1022.580,1022.580,1005.100,3054,3899.825,466.299,8.330,1936.272,2081.040,1991.256,5862
06/28/2011,20:10:00,600.0,V,A,W,A,228,228,228,228,232,232,232,232,223,223,223,223,4.836,4.836,4.682,4.785,0.000,7.176,7.176,7.101,7.151,0.000,614,647,575,1836,745,703,742,2190,0,0,0,0,0.56,0.59,0.54,0.56,50.0,1102.608,1102.608,1067.496,3272,3900.134,466.667,8.330,1664.832,1664.832,1647.432,4840
06/28/2011,20:20:00,600.0,V,A,W,A,227,227,227,227,228,228,228,228,225,225,225,225,4.758,4.758,4.604,4.707,0.000,7.488,7.644,7.413,7.515,0.000,596,629,556,1781,726,703,723,2152,0,0,0,0,0.56,0.59,0.53,0.56,50.0,1080.066,1080.066,1045.108,3206,3900.435,467.025,8.330,1707.264,1742.832,1690.164,5110
06/28/2011,20:30:00,600.0,V,A,W,A,227,228,227,227,229,229,229,229,227,227,227,227,4.680,4.758,4.604,4.681,0.000,7.332,7.488,7.179,7.333,0.000,577,629,538,1744,726,703,723,2152,0,0,0,0,0.55,0.58,0.52,0.55,50.0,1062.360,1084.824,1045.108,3198,3900.729,467.389,8.330,1679.028,1714.752,1643.991,5025
06/28/2011,20:40:00,600.0,V,A,W,A,228,228,228,228,229,229,229,229,227,227,227,227,4.758,4.914,4.760,4.811,0.000,7.254,7.566,7.413,7.411,0.000,596,647,575,1818,726,721,723,2170,0,0,0,0,0.56,0.58,0.53,0.56,50.0,1084.824,1120.392,1085.280,3294,3901.035,467.755,8.330,1661.166,1732.614,1697.577,5072
06/28/2011,20:50:00,600.0,V,A,W,A,228,228,228,228,229,230,230,230,227,227,227,227,4.836,4.914,4.682,4.811,0.000,7.254,7.566,7.491,7.437,0.000,596,647,556,1799,745,721,723,2189,0,0,0,0,0.55,0.59,0.53,0.56,50.0,1102.608,1120.392,1067.496,3301,3901.343,468.123,8.330,1661.166,1740.180,1722.930,5106
06/28/2011,21:00:00,600.0,V,A,W,A,228,228,228,228,229,229,229,229,227,227,227,227,4.836,4.836,4.760,4.811,0.000,7.488,7.644,7.569,7.567,0.000,614,647,556,1817,726,721,742,2189,0,0,0,0,0.55,0.59,0.52,0.55,50.0,1102.608,1102.608,1085.280,3294,3901.648,468.491,8.330,1714.752,1750.476,1733.301,5177
06/28/2011,21:10:00,600.0,V,A,W,A,228,228,228,228,229,229,229,229,227,227,227,227,4.992,5.070,4.994,5.019,0.000,7.410,7.644,7.725,7.593,0.000,633,684,593,1910,726,721,742,2189,0,0,0,0,0.56,0.59,0.53,0.56,50.0,1138.176,1155.960,1138.632,3438,3901.971,468.860,8.330,1696.890,1750.476,1769.025,5208
06/28/2011,21:20:00,600.0,V,A,W,A,228,228,228,228,229,229,229,229,227,227,227,227,4.836,4.914,4.760,4.837,0.000,7.254,7.332,7.257,7.281,0.000,596,647,556,1799,726,721,723,2170,0,0,0,0,0.55,0.58,0.52,0.55,50.0,1102.608,1120.392,1085.280,3311,3902.276,469.225,8.330,1661.166,1679.028,1661.853,4978
06/28/2011,21:30:00,600.0,V,A,W,A,227,227,227,227,228,229,229,229,226,226,226,226,4.914,5.070,4.838,4.941,0.000,7.566,7.722,7.647,7.645,0.000,614,666,575,1855,707,703,705,2115,0,0,0,0,0.56,0.58,0.53,0.56,50.0,1115.478,1150.890,1098.226,3366,3902.589,469.582,8.330,1725.048,1768.338,1751.163,5211
06/28/2011,21:40:00,600.0,V,A,W,A,227,227,227,227,228,228,228,228,226,227,226,226,4.992,5.148,4.994,5.045,0.000,7.566,7.722,7.725,7.671,0.000,633,684,593,1910,726,721,723,2170,0,0,0,0,0.56,0.59,0.53,0.56,50.0,1133.184,1168.596,1133.638,3442,3902.912,469.944,8.330,1725.048,1760.616,1761.300,5241
06/28/2011,21:50:00,600.0,V,A,W,A,227,228,228,228,229,229,229,229,227,227,227,227,4.836,4.992,4.760,4.863,0.000,7.254,7.488,7.335,7.359,0.000,596,647,556,1799,726,703,723,2152,0,0,0,0,0.55,0.58,0.52,0.55,50.0,1097.772,1138.176,1085.280,3324,3903.220,470.307,8.330,1661.166,1714.752,1679.715,5015
06/28/2011,22:00:00,600.0,V,A,W,A,229,229,229,229,230,231,230,230,228,228,228,228,3.510,3.510,3.511,3.510,0.000,7.722,8.112,7.725,7.853,0.000,353,388,315,1056,596,573,593,1762,0,0,0,0,0.45,0.50,0.40,0.45,50.0,803.790,803.790,804.019,2414,3903.402,470.603,8.330,1776.060,1873.872,1776.750,5398
06/28/2011,22:10:00,600.0,V,A,W,A,229,230,230,230,231,232,232,232,229,229,229,229,0.000,0.000,0.000,0.000,0.000,0.000,0.000,0.000,0.000,0.000,0,0,0,0,0,0,0,0,0,0,0,0,0.00,0.00,0.00,0.00,50.0,0.000,0.000,0.000,0,3903.402,470.603,8.330,0.000,0.000,0.000,0
06/28/2011,22:20:00,600.0,V,A,W,A,230,231,230,230,232,233,232,232,229,230,229,229,0.000,0.000,0.000,0.000,0.000,0.000,0.000,0.000,0.000,0.000,0,0,0,0,0,0,0,0,0,0,0,0,0.00,0.00,0.00,0.00,50.0,0.000,0.000,0.000,0,3903.402,470.603,8.330,0.000,0.000,0.000,0
06/28/2011,22:30:00,600.0,V,A,W,A,230,231,230,230,231,232,232,232,229,230,229,229,0.000,0.000,0.000,0.000,0.000,0.000,0.000,0.000,0.000,0.000,0,0,0,0,0,0,0,0,0,0,0,0,0.00,0.00,0.00,0.00,50.0,0.000,0.000,0.000,0,3903.402,470.603,8.330,0.000,0.000,0.000,0
06/28/2011,22:40:00,600.0,V,A,W,A,230,231,230,230,232,232,232,232,229,230,229,229,0.000,0.000,0.000,0.000,0.000,0.000,0.000,0.000,0.000,0.000,0,0,0,0,0,0,0,0,0,0,0,0,0.00,0.00,0.00,0.00,50.0,0.000,0.000,0.000,0,3903.402,470.603,8.330,0.000,0.000,0.000,0
06/28/2011,22:50:00,600.0,V,A,W,A,230,231,231,231,232,233,232,232,229,230,229,229,0.000,0.000,0.000,0.000,0.000,0.000,0.000,0.000,0.000,0.000,0,0,0,0,0,0,0,0,0,0,0,0,0.00,0.00,0.00,0.00,50.0,0.000,0.000,0.000,0,3903.402,470.603,8.330,0.000,0.000,0.000,0
06/28/2011,23:00:00,600.0,V,A,W,A,230,231,231,231,231,232,232,232,230,230,230,230,0.000,0.000,0.000,0.000,0.000,0.000,0.000,0.000,0.000,0.000,0,0,0,0,0,0,0,0,0,0,0,0,0.00,0.00,0.00,0.00,49.9,0.000,0.000,0.000,0,3903.402,470.603,8.330,0.000,0.000,0.000,0
06/28/2011,23:10:00,600.0,V,A,W,A,230,231,231,231,232,232,232,232,230,230,230,230,0.000,0.000,0.000,0.000,0.000,0.000,0.000,0.000,0.000,0.000,0,0,0,0,0,0,0,0,0,0,0,0,0.00,0.00,0.00,0.00,50.0,0.000,0.000,0.000,0,3903.402,470.603,8.330,0.000,0.000,0.000,0
06/28/2011,23:20:00,600.0,V,A,W,A,231,232,231,231,232,233,233,233,230,231,230,230,0.000,0.000,0.000,0.000,0.000,0.000,0.000,0.000,0.000,0.000,0,0,0,0,0,0,0,0,0,0,0,0,0.00,0.00,0.00,0.00,50.0,0.000,0.000,0.000,0,3903.402,470.603,8.330,0.000,0.000,0.000,0
06/28/2011,23:30:00,600.0,V,A,W,A,230,231,231,231,232,233,233,233,229,229,229,229,0.000,0.000,0.000,0.000,0.000,0.000,0.000,0.000,0.000,0.000,0,0,0,0,0,0,0,0,0,0,0,0,0.00,0.00,0.00,0.00,50.0,0.000,0.000,0.000,0,3903.402,470.603,8.330,0.000,0.000,0.000,0
06/28/2011,23:40:00,600.0,V,A,W,A,230,231,231,231,232,233,232,232,229,230,230,230,0.000,0.000,0.000,0.000,0.000,0.000,0.000,0.000,0.000,0.000,0,0,0,0,0,0,0,0,0,0,0,0,0.00,0.00,0.00,0.00,50.0,0.000,0.000,0.000,0,3903.402,470.603,8.330,0.000,0.000,0.000,0
06/28/2011,23:50:00,600.0,V,A,W,A,231,231,231,231,232,233,233,233,230,230,230,230,0.000,0.000,0.000,0.000,0.000,0.000,0.000,0.000,0.000,0.000,0,0,0,0,0,0,0,0,0,0,0,0,0.00,0.00,0.00,0.00,50.0,0.000,0.000,0.000,0,3903.402,470.603,8.330,0.000,0.000,0.000,0
06/29/2011,00:00:00,600.0,V,A,W,A,230,231,230,230,231,232,231,231,229,230,229,229,0.000,0.000,0.000,0.000,0.000,0.000,0.000,0.000,0.000,0.000,0,0,0,0,0,0,0,0,0,0,0,0,0.00,0.00,0.00,0.00,50.0,0.000,0.000,0.000,0,3903.402,470.603,8.330,0.000,0.000,0.000,0
06/29/2011,00:10:00,600.0,V,A,W,A,230,230,230,230,231,231,231,231,229,229,229,229,0.000,0.000,0.000,0.000,0.000,0.000,0.000,0.000,0.000,0.000,0,0,0,0,0,0,0,0,0,0,0,0,0.00,0.00,0.00,0.00,50.0,0.000,0.000,0.000,0,3903.402,470.603,8.330,0.000,0.000,0.000,0
06/29/2011,00:20:00,600.0,V,A,W,A,230,230,230,230,232,232,232,232,229,229,229,229,0.000,0.000,0.000,0.000,0.000,0.000,0.000,0.000,0.000,0.000,0,0,0,0,0,0,0,0,0,0,0,0,0.00,0.00,0.00,0.00,50.0,0.000,0.000,0.000,0,3903.402,470.603,8.330,0.000,0.000,0.000,0
06/29/2011,00:30:00,600.0,V,A,W,A,231,231,231,231,232,233,232,232,230,230,230,230,0.000,0.000,0.000,0.000,0.000,0.000,0.000,0.000,0.000,0.000,0,0,0,0,0,0,0,0,0,0,0,0,0.00,0.00,0.00,0.00,50.0,0.000,0.000,0.000,0,3903.402,470.603,8.330,0.000,0.000,0.000,0
06/29/2011,00:40:00,600.0,V,A,W,A,227,227,227,227,231,231,231,231,222,223,222,222,0.000,0.000,0.000,0.000,0.000,0.000,0.000,0.000,0.000,0.000,0,0,0,0,0,0,0,0,0,0,0,0,0.00,0.00,0.00,0.00,50.0,0.000,0.000,0.000,0,3903.402,470.603,8.330,0.000,0.000,0.000,0
06/29/2011,00:50:00,600.0,V,A,W,A,228,228,228,228,230,230,229,230,226,227,226,226,0.000,0.000,0.000,0.000,0.000,0.000,0.000,0.000,0.000,0.000,0,0,0,0,0,0,0,0,0,0,0,0,0.00,0.00,0.00,0.00,50.0,0.000,0.000,0.000,0,3903.402,470.603,8.330,0.000,0.000,0.000,0
06/29/2011,01:00:00,600.0,V,A,W,A,229,229,229,229,230,230,230,230,227,228,228,228,0.000,0.000,0.000,0.000,0.000,0.000,0.000,0.000,0.000,0.000,0,0,0,0,0,0,0,0,0,0,0,0,0.00,0.00,0.00,0.00,50.0,0.000,0.000,0.000,0,3903.402,470.603,8.330,0.000,0.000,0.000,0
06/29/2011,01:10:00,600.0,V,A,W,A,228,228,228,228,229,229,229,229,227,226,226,226,0.000,0.000,0.000,0.000,0.000,0.000,0.000,0.000,0.000,0.000,0,0,0,0,0,0,0,0,0,0,0,0,0.00,0.00,0.00,0.00,50.0,0.000,0.000,0.000,0,3903.402,470.603,8.330,0.000,0.000,0.000,0
06/29/2011,01:20:00,600.0,V,A,W,A,229,229,229,229,231,231,231,231,228,228,228,228,0.000,0.000,0.000,0.000,0.000,0.000,0.000,0.000,0.000,0.000,0,0,0,0,0,0,0,0,0,0,0,0,0.00,0.00,0.00,0.00,50.0,0.000,0.000,0.000,0,3903.402,470.603,8.330,0.000,0.000,0.000,0
06/29/2011,01:30:00,600.0,V,A,W,A,229,229,229,229,230,230,230,230,229,228,228,228,0.000,0.000,0.000,0.000,0.000,0.000,0.000,0.000,0.000,0.000,0,0,0,0,0,0,0,0,0,0,0,0,0.00,0.00,0.00,0.00,50.0,0.000,0.000,0.000,0,3903.402,470.603,8.330,0.000,0.000,0.000,0
06/29/2011,01:40:00,600.0,V,A,W,A,229,229,229,229,230,231,230,230,229,229,229,229,0.000,0.000,0.000,0.000,0.000,0.000,0.000,0.000,0.000,0.000,0,0,0,0,0,0,0,0,0,0,0,0,0.00,0.00,0.00,0.00,50.0,0.000,0.000,0.000,0,3903.402,470.603,8.330,0.000,0.000,0.000,0
06/29/2011,01:50:00,600.0,V,A,W,A,230,230,230,230,231,231,231,231,229,229,229,229,0.000,0.000,0.000,0.000,0.000,0.000,0.000,0.000,0.000,0.000,0,0,0,0,0,0,0,0,0,0,0,0,0.00,0.00,0.00,0.00,50.0,0.000,0.000,0.000,0,3903.402,470.603,8.330,0.000,0.000,0.000,0
06/29/2011,02:00:00,600.0,V,A,W,A,230,230,230,230,231,232,231,231,229,229,229,229,0.000,0.000,0.000,0.000,0.000,0.000,0.000,0.000,0.000,0.000,0,0,0,0,0,0,0,0,0,0,0,0,0.00,0.00,0.00,0.00,49.9,0.000,0.000,0.000,0,3903.402,470.603,8.330,0.000,0.000,0.000,0
06/29/2011,02:10:00,600.0,V,A,W,A,231,231,231,231,232,232,232,232,230,230,230,230,0.000,0.000,0.000,0.000,0.000,0.000,0.000,0.000,0.000,0.000,0,0,0,0,0,0,0,0,0,0,0,0,0.00,0.00,0.00,0.00,50.0,0.000,0.000,0.000,0,3903.402,470.603,8.330,0.000,0.000,0.000,0
06/29/2011,02:20:00,600.0,V,A,W,A,231,231,231,231,233,233,233,233,231,231,231,231,0.000,0.000,0.000,0.000,0.000,0.000,0.000,0.000,0.000,0.000,0,0,0,0,0,0,0,0,0,0,0,0,0.00,0.00,0.00,0.00,50.0,0.000,0.000,0.000,0,3903.402,470.603,8.330,0.000,0.000,0.000,0
06/29/2011,02:30:00,600.0,V,A,W,A,231,232,231,231,232,233,232,232,231,231,231,231,0.000,0.000,0.000,0.000,0.000,0.000,0.000,0.000,0.000,0.000,0,0,0,0,0,0,0,0,0,0,0,0,0.00,0.00,0.00,0.00,50.0,0.000,0.000,0.000,0,3903.402,470.603,8.330,0.000,0.000,0.000,0
06/29/2011,02:40:00,600.0,V,A,W,A,232,232,231,232,232,233,232,232,231,231,231,231,0.000,0.000,0.000,0.000,0.000,0.000,0.000,0.000,0.000,0.000,0,0,0,0,0,0,0,0,0,0,0,0,0.00,0.00,0.00,0.00,50.0,0.000,0.000,0.000,0,3903.402,470.603,8.330,0.000,0.000,0.000,0
06/29/2011,02:50:00,600.0,V,A,W,A,232,232,232,232,233,233,233,233,230,231,230,230,0.000,0.000,0.000,0.000,0.000,0.000,0.000,0.000,0.000,0.000,0,0,0,0,0,0,0,0,0,0,0,0,0.00,0.00,0.00,0.00,50.0,0.000,0.000,0.000,0,3903.402,470.603,8.330,0.000,0.000,0.000,0
06/29/2011,03:00:00,600.0,V,A,W,A,230,231,230,230,232,232,231,232,229,229,229,229,0.000,0.000,0.000,0.000,0.000,0.000,0.000,0.000,0.000,0.000,0,0,0,0,0,0,0,0,0,0,0,0,0.00,0.00,0.00,0.00,50.0,0.000,0.000,0.000,0,3903.402,470.603,8.330,0.000,0.000,0.000,0
06/29/2011,03:10:00,600.0,V,A,W,A,230,231,230,230,231,232,231,231,230,230,230,230,0.000,0.000,0.000,0.000,0.000,0.000,0.000,0.000,0.000,0.000,0,0,0,0,0,0,0,0,0,0,0,0,0.00,0.00,0.00,0.00,50.0,0.000,0.000,0.000,0,3903.402,470.603,8.330,0.000,0.000,0.000,0
06/29/2011,03:20:00,600.0,V,A,W,A,230,230,230,230,231,231,231,231,230,230,230,230,0.000,0.000,0.000,0.000,0.000,0.000,0.000,0.000,0.000,0.000,0,0,0,0,0,0,0,0,0,0,0,0,0.00,0.00,0.00,0.00,50.0,0.000,0.000,0.000,0,3903.402,470.603,8.330,0.000,0.000,0.000,0
06/29/2011,03:30:00,600.0,V,A,W,A,230,230,230,230,231,231,231,231,229,229,229,229,0.000,0.000,0.000,0.000,0.000,0.000,0.000,0.000,0.000,0.000,0,0,0,0,0,0,0,0,0,0,0,0,0.00,0.00,0.00,0.00,50.0,0.000,0.000,0.000,0,3903.402,470.603,8.330,0.000,0.000,0.000,0
06/29/2011,03:40:00,600.0,V,A,W,A,230,230,230,230,231,231,231,231,229,229,229,229,0.000,0.000,0.000,0.000,0.000,0.000,0.000,0.000,0.000,0.000,0,0,0,0,0,0,0,0,0,0,0,0,0.00,0.00,0.00,0.00,50.0,0.000,0.000,0.000,0,3903.402,470.603,8.330,0.000,0.000,0.000,0
06/29/2011,03:50:00,600.0,V,A,W,A,230,231,231,231,231,232,232,232,229,229,229,229,0.000,0.000,0.000,0.000,0.000,0.000,0.000,0.000,0.000,0.000,0,0,0,0,0,0,0,0,0,0,0,0,0.00,0.00,0.00,0.00,50.0,0.000,0.000,0.000,0,3903.402,470.603,8.330,0.000,0.000,0.000,0
06/29/2011,04:00:00,600.0,V,A,W,A,230,231,231,231,231,232,232,232,229,229,229,229,0.000,0.000,0.000,0.000,0.000,0.000,0.000,0.000,0.000,0.000,0,0,0,0,0,0,0,0,0,0,0,0,0.00,0.00,0.00,0.00,50.0,0.000,0.000,0.000,0,3903.402,470.603,8.330,0.000,0.000,0.000,0
06/29/2011,04:10:00,600.0,V,A,W,A,230,230,230,230,231,231,231,231,229,229,229,229,0.000,0.000,0.000,0.000,0.000,0.000,0.000,0.000,0.000,0.000,0,0,0,0,0,0,0,0,0,0,0,0,0.00,0.00,0.00,0.00,50.0,0.000,0.000,0.000,0,3903.402,470.603,8.330,0.000,0.000,0.000,0
06/29/2011,04:20:00,600.0,V,A,W,A,230,230,230,230,231,231,231,231,230,230,230,230,32.605,32.136,32.619,32.453,0.000,52.262,51.636,52.284,52.061,0.000,7543,7459,7552,22554,55,166,222,443,0,0,0,0,1.00,1.00,1.00,1.00,50.0,7543.000,7459.000,7552.000,22580,3907.152,470.685,8.330,12072.522,11927.916,12077.604,36163
06/29/2011,04:30:00,600.0,V,A,W,A,230,230,230,230,231,231,231,231,230,230,230,230,51.872,51.246,51.971,51.696,0.000,52.106,51.480,52.284,51.957,0.000,12014,11864,12042,35920,111,277,371,759,0,0,0,0,1.00,1.00,1.00,1.00,50.0,12014.000,11864.000,12042.000,35946,3913.120,470.816,8.330,12036.486,11891.880,12077.604,36152
06/29/2011,04:40:00,600.0,V,A,W,A,230,230,230,230,230,231,231,231,229,229,229,229,51.794,51.090,51.815,51.566,0.000,52.106,51.324,52.050,51.827,0.000,11958,11808,11968,35734,111,277,371,759,0,0,0,0,1.00,1.00,1.00,1.00,50.0,11958.000,11808.000,11968.000,35779,3919.060,470.945,8.330,11984.380,11855.844,12023.550,35982
06/29/2011,04:50:00,600.0,V,A,W,A,230,230,230,230,231,231,231,231,229,229,229,229,51.794,51.090,51.815,51.566,0.000,51.950,51.324,52.128,51.801,0.000,11958,11827,11987,35772,111,277,352,740,0,0,0,0,1.00,1.00,1.00,1.00,50.0,11958.000,11827.000,11987.000,35798,3925.004,471.074,8.330,12000.450,11855.844,12041.568,35983
06/29/2011,05:00:00,600.0,V,A,W,A,230,230,230,230,231,231,231,231,229,229,229,229,26.833,26.442,29.497,27.591,0.000,51.950,51.402,52.050,51.801,0.000,5979,5922,6661,18562,745,777,890,2412,0,0,0,0,0.97,0.97,0.98,0.97,50.0,6171.590,6081.660,6784.310,19062,3928.091,471.478,8.330,12000.450,11873.862,12023.550,35908
06/29/2011,05:10:00,600.0,V,A,W,A,230,230,230,230,231,231,231,231,229,229,229,229,14.742,14.352,15.997,15.030,0.000,33.151,32.682,36.676,34.170,0.000,2980,2905,3228,9113,1452,1443,1577,4472,0,0,0,0,0.88,0.88,0.88,0.88,50.0,3390.660,3300.960,3679.310,10381,3929.610,472.229,8.330,7657.881,7549.542,8472.156,22908
06/29/2011,05:20:00,600.0,V,A,W,A,230,230,230,230,231,231,231,231,229,229,229,229,24.103,23.556,24.893,24.184,0.000,39.002,38.376,41.827,39.735,0.000,5103,4997,5232,15332,1620,1647,1781,5048,0,0,0,0,0.92,0.92,0.91,0.91,50.0,5543.690,5417.880,5725.390,16708,3932.160,473.069,8.330,9009.462,8864.856,9662.037,26986
06/29/2011,05:30:00,600.0,V,A,W,A,229,229,229,229,230,230,230,230,228,228,228,228,36.973,36.426,37.925,37.108,0.000,67.083,66.066,72.183,68.444,0.000,8177,8032,8350,24559,1620,1702,1837,5159,0,0,0,0,0.96,0.96,0.96,0.96,50.0,8466.817,8341.554,8684.825,25531,3936.243,473.931,8.330,15429.090,15195.180,16602.090,45852
06/29/2011,05:40:00,600.0,V,A,W,A,229,229,229,229,230,230,230,230,229,229,229,229,37.441,36.894,38.705,37.680,0.000,66.537,64.740,68.983,66.753,0.000,8289,8162,8535,24986,1657,1721,1874,5252,0,0,0,0,0.96,0.96,0.96,0.96,50.0,8573.989,8448.726,8863.445,25953,3940.397,474.808,8.330,15303.510,14890.200,15866.090,45031
06/29/2011,05:50:00,600.0,V,A,W,A,229,230,229,229,230,231,230,230,229,229,229,229,31.357,30.810,32.150,31.439,0.000,60.375,59.592,62.350,60.772,0.000,6836,6718,6977,20531,1620,1665,1818,5103,0,0,0,0,0.95,0.94,0.94,0.94,50.0,7180.753,7086.300,7362.350,21692,3943.813,475.661,8.330,13886.250,13765.752,14340.500,41883
06/29/2011,06:00:00,600.0,V,A,W,A,228,228,228,228,229,229,229,229,227,227,227,227,24.415,23.946,25.205,24.522,0.000,43.994,43.914,48.226,45.378,0.000,5141,5052,5269,15462,1564,1591,1725,4880,0,0,0,0,0.92,0.92,0.91,0.92,50.0,5566.620,5459.688,5746.740,16813,3946.388,476.475,8.330,10074.626,10056.306,11043.754,30436
06/29/2011,06:10:00,600.0,V,A,W,A,229,229,229,229,229,230,230,230,228,228,228,228,20.515,20.202,21.303,20.673,0.000,48.674,46.488,48.070,47.744,0.000,4228,4164,4379,12771,1564,1573,1725,4862,0,0,0,0,0.90,0.90,0.89,0.90,50.0,4697.935,4626.258,4878.387,14202,3948.513,477.288,8.330,11146.346,10692.240,11056.100,32626
06/29/2011,06:20:00,600.0,V,A,W,A,229,229,229,229,230,230,230,230,228,228,228,228,23.167,22.776,24.035,23.326,0.000,43.370,42.900,48.304,44.858,0.000,4880,4775,5010,14665,1583,1610,1744,4937,0,0,0,0,0.91,0.91,0.91,0.91,50.0,5305.243,5215.704,5504.015,16050,3950.953,478.113,8.330,9975.100,9867.000,11109.920,30020
06/29/2011,06:30:00,600.0,V,A,W,A,229,229,229,229,230,231,230,230,228,228,228,228,31.981,34.086,33.087,33.051,0.000,57.878,60.450,62.506,60.278,0.000,6724,7255,6865,20844,2421,2498,2672,7591,0,0,0,0,0.91,0.92,0.90,0.91,50.0,7323.649,7805.694,7576.923,22780,3954.417,479.380,8.330,13311.940,13963.950,14376.380,40954
06/29/2011,06:40:00,600.0,V,A,W,A,228,228,228,228,229,229,229,229,228,228,228,228,32.839,34.476,34.023,33.779,0.000,55.694,58.812,58.370,57.625,0.000,6780,7144,6958,20882,2812,2924,3061,8797,0,0,0,0,0.90,0.90,0.89,0.90,50.0,7487.292,7860.528,7757.244,23188,3957.887,480.848,8.330,12753.926,13467.948,13366.730,38959
06/29/2011,06:50:00,600.0,V,A,W,A,229,229,229,229,230,230,230,230,227,227,227,227,32.917,34.164,34.179,33.753,0.000,52.106,53.586,57.200,54.297,0.000,6798,7070,6995,20863,2756,2905,3006,8667,0,0,0,0,0.90,0.90,0.89,0.90,50.0,7537.993,7823.556,7826.991,23192,3961.356,482.291,8.330,11984.380,12324.780,13156.000,36582
06/29/2011,07:00:00,600.0,V,A,W,A,227,228,227,227,230,230,230,230,226,226,225,226,32.761,33.852,34.101,33.571,0.000,55.304,56.394,59.073,56.924,0.000,6761,6977,6977,20715,2682,2813,2950,8445,0,0,0,0,0.90,0.90,0.89,0.90,50.0,7436.747,7718.256,7740.927,22946,3964.802,483.699,8.330,12719.920,12970.620,13586.790,38331
06/29/2011,07:10:00,600.0,V,A,W,A,227,227,227,227,229,229,229,229,225,225,225,225,32.995,34.008,34.413,33.805,0.000,52.886,53.586,56.107,54.193,0.000,6836,7014,7032,20882,2663,2794,2950,8407,0,0,0,0,0.91,0.90,0.89,0.90,50.0,7489.865,7719.816,7811.751,23076,3968.273,485.103,8.330,12110.894,12271.194,12848.503,36153
06/29/2011,07:20:00,600.0,V,A,W,A,229,229,229,229,230,230,230,230,228,228,228,228,44.540,45.318,46.275,45.378,0.000,75.585,76.206,78.888,76.893,0.000,9648,9772,9927,29347,2849,3035,3191,9075,0,0,0,0,0.94,0.94,0.93,0.94,50.0,10199.660,10377.822,10596.975,31235,3973.159,486.615,8.330,17384.550,17527.380,18144.240,52269
06/29/2011,07:30:00,600.0,V,A,W,A,230,229,229,229,231,231,230,231,229,228,229,229,60.063,60.450,61.726,60.746,0.000,75.429,75.660,81.307,77.465,0.000,13467,13493,13731,40691,2887,3091,3284,9262,0,0,0,0,0.97,0.97,0.96,0.97,50.0,13814.490,13843.050,14135.254,41913,3979.919,488.161,8.330,17424.099,17477.460,18700.610,53048
06/29/2011,07:40:00,600.0,V,A,W,A,229,229,229,229,231,231,230,231,228,228,228,228,57.098,57.330,58.605,57.678,0.000,75.585,75.582,82.477,77.881,0.000,12703,12715,12952,38370,2868,3035,3228,9131,0,0,0,0,0.97,0.96,0.96,0.96,50.0,13075.442,13128.570,13420.545,39688,3986.295,489.683,8.330,17460.135,17459.442,18969.710,53540
06/29/2011,07:50:00,600.0,V,A,W,A,230,229,229,229,231,231,231,231,229,228,228,228,61.077,60.996,62.584,61.552,0.000,75.429,76.518,79.044,76.997,0.000,13709,13622,13954,41285,2905,3072,3284,9261,0,0,0,0,0.97,0.97,0.97,0.97,50.0,14047.710,13968.084,14331.736,42458,3993.155,491.225,8.330,17424.099,17675.658,18259.164,52429
06/29/2011,08:00:00,600.0,V,A,W,A,227,227,227,227,229,229,229,229,226,225,225,225,59.673,59.514,61.102,60.096,0.000,75.117,75.114,80.214,76.815,0.000,13225,13141,13453,39819,2812,2979,3191,8982,0,0,0,0,0.97,0.97,0.96,0.97,50.0,13545.771,13509.678,13870.154,40981,3999.771,492.722,8.330,17201.793,17201.106,18369.006,52003
06/29/2011,08:10:00,600.0,V,A,W,A,225,225,225,225,226,226,226,226,224,224,224,224,60.531,61.152,62.038,61.240,0.000,79.092,78.858,79.668,79.206,0.000,13336,13437,13582,40355,2756,2961,3135,8852,0,0,0,0,0.97,0.97,0.97,0.97,50.0,13619.475,13759.200,13958.550,41412,4006.478,494.198,8.330,17874.792,17821.908,18004.968,53621
06/29/2011,08:20:00,600.0,V,A,W,A,227,227,226,227,230,230,230,230,224,224,223,224,68.019,68.016,69.452,68.496,0.000,80.730,80.574,83.726,81.677,0.000,15236,15177,15438,45851,2849,3053,3265,9167,0,0,0,0,0.98,0.98,0.98,0.98,49.9,15440.313,15439.632,15696.152,46661,4014.103,495.728,8.330,18567.900,18532.020,19256.980,55614
06/29/2011,08:30:00,600.0,V,A,W,A,228,227,227,227,229,229,229,229,227,226,226,226,57.878,58.266,59.229,58.458,0.000,78.546,78.000,81.073,79.206,0.000,12834,12863,13026,38723,2831,3016,3191,9038,0,0,0,0,0.97,0.97,0.96,0.96,50.0,13196.184,13226.382,13444.983,39948,4020.540,497.232,8.330,17987.034,17862.000,18565.717,54242
06/29/2011,08:40:00,600.0,V,A,W,A,228,227,227,227,229,229,229,229,226,226,226,226,60.219,60.216,61.570,60.668,0.000,81.510,80.964,84.818,82.431,0.000,13392,13326,13582,40300,2831,2998,3210,9039,0,0,0,0,0.97,0.97,0.97,0.97,50.0,13729.932,13669.032,13976.390,41427,4027.234,498.735,8.330,18665.790,18540.756,19423.322,56271
06/29/2011,08:50:00,600.0,V,A,W,A,225,225,225,225,227,227,227,227,225,224,224,224,61.545,61.620,62.818,61.994,0.000,81.432,81.198,84.506,82.379,0.000,13616,13567,13768,40951,2738,2905,3098,8741,0,0,0,0,0.97,0.97,0.97,0.97,50.0,13847.625,13864.500,14134.050,41964,4034.039,500.193,8.330,18485.064,18431.946,19182.862,55756
06/29/2011,09:00:00,600.0,V,A,W,A,224,224,224,224,226,226,226,226,223,223,222,223,27.613,27.846,28.561,28.007,0.000,54.680,54.912,56.732,55.441,0.000,5494,5515,5603,16612,2570,2609,2783,7962,0,0,0,0,0.88,0.88,0.87,0.88,50.0,6185.312,6237.504,6397.664,18877,4036.800,501.523,8.330,12357.680,12410.112,12821.432,36757
06/29/2011,09:10:00,600.0,V,A,W,A,224,224,223,224,226,225,225,225,223,222,222,222,28.705,28.860,29.731,29.099,0.000,56.708,56.316,61.726,58.250,0.000,5737,5756,5863,17356,2551,2609,2783,7943,0,0,0,0,0.89,0.88,0.88,0.88,50.0,6429.920,6464.640,6630.013,19557,4039.685,502.849,8.330,12816.008,12671.100,13888.350,38621
06/29/2011,09:20:00,600.0,V,A,W,A,225,225,224,225,229,229,229,229,222,222,222,222,52.496,52.884,53.922,53.101,0.000,74.415,75.192,75.850,75.152,0.000,11436,11475,11671,34582,2663,2794,3024,8481,0,0,0,0,0.96,0.96,0.96,0.96,50.0,11811.600,11898.900,12078.528,35869,4045.431,504.260,8.330,17041.035,17218.968,17369.650,51284
06/29/2011,09:30:00,600.0,V,A,W,A,225,225,224,225,228,227,227,227,224,224,223,224,47.660,48.048,48.694,48.134,0.000,75.273,75.114,77.099,75.829,0.000,10282,10328,10391,31001,2719,2831,3024,8574,0,0,0,0,0.95,0.95,0.94,0.95,50.0,10723.500,10810.800,10907.456,32537,4050.579,505.689,8.330,17162.244,17050.878,17501.473,51373
06/29/2011,09:40:00,600.0,V,A,W,A,225,224,224,224,226,226,225,226,224,224,223,224,32.839,33.462,33.867,33.389,0.000,58.659,60.450,60.087,59.732,0.000,6742,6848,6847,20437,2663,2720,2894,8277,0,0,0,0,0.91,0.91,0.90,0.90,50.0,7388.775,7495.488,7586.208,22528,4053.976,507.065,8.330,13256.934,13661.700,13519.575,39728
06/29/2011,09:50:00,600.0,V,A,W,A,225,225,224,225,226,226,226,226,224,224,223,224,33.385,34.008,34.491,33.961,0.000,61.857,60.294,65.160,62.437,0.000,6854,6977,6995,20826,2663,2720,2894,8277,0,0,0,0,0.91,0.91,0.90,0.90,50.0,7511.625,7651.800,7725.984,22930,4057.439,508.446,8.330,13979.682,13626.444,14726.160,41271
06/29/2011,10:00:00,600.0,V,A,W,A,224,224,223,224,226,225,225,225,223,222,222,222,28.861,29.328,29.809,29.333,0.000,52.496,52.182,55.951,53.543,0.000,5774,5848,5882,17504,2570,2609,2783,7962,0,0,0,0,0.89,0.89,0.88,0.89,50.0,6464.864,6569.472,6647.407,19708,4060.352,509.774,8.330,11864.096,11740.950,12588.975,35275
06/29/2011,10:10:00,600.0,V,A,W,A,223,223,222,223,224,224,224,224,221,221,221,221,28.549,29.172,29.653,29.125,0.000,52.730,52.182,53.376,52.763,0.000,5699,5811,5826,17336,2570,2628,2783,7981,0,0,0,0,0.89,0.89,0.88,0.89,50.0,6366.427,6505.356,6582.966,19484,4063.234,511.104,8.330,11811.520,11688.768,11956.224,34776
06/29/2011,10:20:00,600.0,V,A,W,A,223,223,222,223,224,224,223,224,222,221,221,221,30.733,31.278,31.760,31.257,0.000,62.793,61.932,63.131,62.619,0.000,6184,6274,6309,18767,2607,2665,2820,8092,0,0,0,0,0.90,0.90,0.89,0.89,50.0,6853.459,6974.994,7050.720,20911,4066.356,512.453,8.330,14065.632,13872.768,14078.213,41714
06/29/2011,10:30:00,600.0,V,A,W,A,223,223,222,223,223,224,223,223,222,222,221,222,36.505,36.894,37.691,37.030,0.000,62.247,62.244,65.394,63.295,0.000,7543,7607,7719,22869,2626,2702,2876,8204,0,0,0,0,0.92,0.92,0.92,0.92,50.0,8140.615,8227.362,8367.402,24765,4070.158,513.818,8.330,13881.081,13942.656,14582.862,42060
06/29/2011,10:40:00,600.0,V,A,W,A,223,223,222,223,224,224,224,224,222,221,221,221,33.853,34.320,34.960,34.378,0.000,61.467,62.712,62.818,62.332,0.000,6929,6977,7069,20975,2589,2683,2839,8111,0,0,0,0,0.91,0.91,0.90,0.91,50.0,7549.219,7653.360,7761.120,22991,4073.647,515.171,8.330,13768.608,14047.488,14071.232,41527
06/29/2011,10:50:00,600.0,V,A,W,A,223,222,222,222,224,224,223,224,222,221,221,221,41.966,42.276,43.388,42.543,0.000,73.557,73.632,74.680,73.956,0.000,8847,8847,9036,26730,2607,2720,2894,8221,0,0,0,0,0.94,0.94,0.93,0.94,50.0,9358.418,9385.272,9632.136,28411,4078.090,516.543,8.330,16476.768,16493.568,16653.640,49344
06/29/2011,11:00:00,600.0,V,A,W,A,223,223,223,223,224,224,224,224,223,222,222,222,67.005,67.080,68.359,67.481,0.000,76.209,76.284,80.683,77.725,0.000,14771,14733,14974,44478,2719,2905,3098,8722,0,0,0,0,0.98,0.98,0.98,0.98,50.0,14942.115,14958.840,15244.057,45213,4085.479,517.996,8.330,17070.816,17087.616,18072.992,52018
06/29/2011,11:10:00,600.0,V,A,W,A,223,223,222,223,225,224,224,224,222,222,221,222,67.863,67.782,69.061,68.235,0.000,78.858,78.780,79.122,78.920,0.000,14994,14918,15123,45035,2700,2868,3080,8648,0,0,0,0,0.98,0.98,0.98,0.98,50.0,15133.449,15115.386,15331.542,45687,4092.959,519.437,8.330,17743.050,17646.720,17723.328,52865
06/29/2011,11:20:00,600.0,V,A,W,A,222,222,222,222,223,223,223,223,221,221,220,221,57.254,57.096,58.448,57.599,0.000,73.635,73.398,76.943,74.659,0.000,12424,12345,12580,37349,2607,2739,2931,8277,0,0,0,0,0.97,0.97,0.96,0.97,50.0,12710.388,12675.312,12975.456,38427,4099.168,520.817,8.330,16420.605,16367.754,17158.289,49898
06/29/2011,11:30:00,600.0,V,A,W,A,223,222,222,222,223,223,223,223,222,221,221,221,56.864,57.018,58.058,57.313,0.000,73.557,73.710,74.758,74.008,0.000,12349,12326,12506,37181,2607,2757,2950,8314,0,0,0,0,0.97,0.97,0.96,0.97,50.0,12680.672,12657.996,12888.876,38277,4105.351,522.204,8.330,16403.211,16437.330,16671.034,49185
06/29/2011,11:40:00,600.0,V,A,W,A,223,223,222,223,224,224,223,224,222,222,221,222,48.752,49.374,49.865,49.330,0.000,73.479,72.930,73.978,73.462,0.000,10449,10568,10576,31593,2607,2739,2894,8240,0,0,0,0,0.96,0.96,0.95,0.95,50.0,10871.696,11010.402,11070.030,32993,4110.603,523.579,8.330,16459.296,16336.320,16497.094,48423
06/29/2011,11:50:00,600.0,V,A,W,A,223,222,222,222,223,223,223,223,222,222,221,222,30.733,31.512,31.604,31.283,0.000,47.348,48.984,50.879,49.070,0.000,6202,6367,6290,18859,2514,2591,2746,7851,0,0,0,0,0.90,0.90,0.89,0.90,50.0,6853.459,6995.664,7016.088,20912,4113.738,524.887,8.330,10558.604,10923.432,11346.017,32482
06/29/2011,12:00:00,600.0,V,A,W,A,223,223,222,223,224,224,224,224,222,222,221,222,45.086,45.630,46.353,45.690,0.000,73.713,73.866,77.021,74.867,0.000,9592,9698,9779,29069,2607,2702,2876,8185,0,0,0,0,0.95,0.95,0.94,0.95,50.0,10054.178,10175.490,10290.366,30581,4118.568,526.250,8.330,16511.712,16545.984,17252.704,50199
06/29/2011,12:10:00,600.0,V,A,W,A,223,223,223,223,225,224,224,224,223,222,222,222,50.702,50.934,51.737,51.124,0.000,73.479,73.476,77.489,74.815,0.000,10934,10938,11040,32912,2607,2720,2913,8240,0,0,0,0,0.96,0.96,0.95,0.96,50.0,11306.546,11358.282,11537.351,34278,4124.039,527.624,8.330,16532.775,16458.624,17357.536,50112
06/29/2011,12:20:00,600.0,V,A,W,A,223,223,223,223,224,224,224,224,223,222,222,222,44.462,44.616,45.573,44.884,0.000,73.791,73.866,76.241,74.633,0.000,9443,9439,9593,28475,2626,2702,2913,8241,0,0,0,0,0.95,0.94,0.94,0.94,50.0,9915.026,9949.368,10162.779,30070,4128.774,528.996,8.330,16529.184,16545.984,17077.984,49814
06/29/2011,12:30:00,600.0,V,A,W,A,223,223,222,223,225,224,224,224,222,222,222,222,31.669,32.058,32.541,32.089,0.000,47.192,47.424,51.113,48.576,0.000,6444,6496,6513,19453,2551,2609,2801,7961,0,0,0,0,0.91,0.90,0.90,0.90,50.0,7062.187,7148.934,7224.102,21484,4132.011,530.322,8.330,10618.200,10622.976,11449.312,32148
06/29/2011,12:40:00,600.0,V,A,W,A,224,224,223,224,225,225,224,225,223,223,223,223,49.922,49.998,51.035,50.318,0.000,73.869,73.944,77.177,74.997,0.000,10766,10753,10910,32429,2663,2757,2950,8370,0,0,0,0,0.96,0.96,0.95,0.95,50.0,11182.528,11199.552,11380.805,33846,4137.402,531.719,8.330,16620.525,16637.400,17287.648,50272
06/29/2011,12:50:00,600.0,V,A,W,A,224,224,224,224,226,225,225,225,224,223,223,223,64.431,64.428,65.316,64.725,0.000,74.025,74.100,79.044,75.723,0.000,14249,14196,14343,42788,2700,2850,3061,8611,0,0,0,0,0.98,0.98,0.98,0.98,50.0,14432.544,14431.872,14630.784,43596,4144.513,533.154,8.330,16729.650,16672.500,17784.900,51064
06/29/2011,13:00:00,600.0,V,A,W,A,226,225,225,225,227,227,226,227,225,224,224,224,43.526,43.836,44.480,43.947,0.000,74.103,73.944,76.241,74.763,0.000,9313,9328,9426,28067,2700,2794,2987,8481,0,0,0,0,0.94,0.94,0.93,0.94,50.0,9836.876,9863.100,10008.000,29789,4149.178,534.566,8.330,16821.381,16785.288,17230.466,50628
06/29/2011,13:10:00,600.0,V,A,W,A,226,225,225,225,227,227,227,227,225,225,225,225,61.077,61.308,62.428,61.604,0.000,74.181,74.100,80.214,76.165,0.000,13541,13530,13749,40820,2700,2924,3061,8685,0,0,0,0,0.98,0.97,0.97,0.97,50.0,13803.402,13794.300,14046.300,41774,4155.960,536.013,8.330,16839.087,16820.700,18208.578,51402
06/29/2011,13:20:00,600.0,V,A,W,A,227,227,227,227,228,228,228,228,226,225,226,226,60.687,60.996,62.662,61.448,0.000,76.365,76.752,79.590,77.569,0.000,13616,13604,13972,41192,2179,2517,2542,7238,0,0,0,0,0.98,0.98,0.98,0.98,50.0,13775.949,13846.092,14224.274,41903,4162.804,537.221,8.330,17411.220,17499.456,18146.520,52846
06/29/2011,13:30:00,600.0,V,A,W,A,228,228,228,228,229,229,229,229,226,226,226,226,9.204,9.750,9.910,9.621,0.000,62.247,61.776,65.238,63.087,0.000,1881,1998,2059,5938,93,277,167,537,0,0,0,0,0.89,0.89,0.91,0.90,50.0,2098.512,2223.000,2259.480,6583,4163.794,537.313,8.331,14254.563,14146.704,14939.502,43100
06/29/2011,13:40:00,600.0,V,A,W,A,225,226,225,225,228,228,228,228,223,223,223,223,0.000,0.000,0.000,0.000,0.000,2.106,2.652,2.653,2.470,0.000,0,0,0,0,0,0,0,0,0,0,0,0,0.00,0.00,0.00,0.00,50.0,0.000,0.000,0.000,0,4163.800,537.315,8.331,480.168,604.656,604.884,1685
06/29/2011,13:50:00,600.0,V,A,W,A,224,224,224,224,226,226,226,226,223,223,223,223,7.254,7.410,7.335,7.333,0.000,20.125,20.124,20.211,20.153,0.000,782,832,779,2393,1229,1240,1261,3730,0,0,0,0,0.49,0.50,0.48,0.49,50.0,1624.896,1659.840,1643.040,4939,4164.205,537.941,8.331,4548.250,4548.024,4567.686,13582
06/29/2011,14:00:00,600.0,V,A,W,A,225,225,225,225,226,226,226,226,224,224,224,224,8.814,8.736,8.818,8.789,0.000,10.998,10.920,11.081,11.000,0.000,838,851,779,2468,1713,1684,1744,5141,0,0,0,0,0.42,0.44,0.39,0.42,50.0,1983.150,1965.600,1984.050,5949,4164.622,538.800,8.331,2485.548,2467.920,2504.306,7462
06/29/2011,14:10:00,600.0,V,A,W,A,225,225,224,225,227,227,227,227,222,222,222,222,7.332,7.332,7.413,7.359,0.000,25.585,24.336,24.035,24.652,0.000,800,814,760,2374,1285,1295,1336,3916,0,0,0,0,0.48,0.49,0.46,0.48,50.0,1649.700,1649.700,1660.512,4969,4165.021,539.455,8.331,5807.795,5524.272,5455.945,16598
06/29/2011,14:20:00,600.0,V,A,W,A,224,224,224,224,226,226,225,226,223,224,223,223,8.814,8.736,8.818,8.789,0.000,11.622,11.544,11.627,11.598,0.000,875,888,816,2579,1676,1647,1707,5030,0,0,0,0,0.44,0.45,0.41,0.43,50.0,1974.336,1956.864,1975.232,5919,4165.453,540.293,8.331,2626.572,2608.944,2616.075,7799
06/29/2011,14:30:00,600.0,V,A,W,A,225,225,224,225,226,226,225,226,223,223,223,223,8.034,8.034,8.037,8.035,0.000,10.764,10.764,10.925,10.818,0.000,800,832,779,2411,1508,1480,1521,4509,0,0,0,0,0.45,0.46,0.43,0.45,50.0,1807.650,1807.650,1800.288,5425,4165.860,541.047,8.331,2432.664,2432.664,2458.125,7324
06/29/2011,14:40:00,600.0,V,A,W,A,225,225,225,225,226,226,226,226,223,224,223,223,5.226,5.382,5.384,5.331,0.000,28.003,26.598,28.014,27.538,0.000,651,684,668,2003,800,851,853,2504,0,0,0,0,0.55,0.57,0.55,0.56,50.0,1175.850,1210.950,1211.400,3602,4166.196,541.467,8.331,6328.678,6011.148,6331.164,18625
06/29/2011,14:50:00,600.0,V,A,W,A,224,224,224,224,225,225,225,225,224,224,224,224,8.346,8.190,8.427,8.321,0.000,11.466,11.388,11.549,11.468,0.000,689,703,630,2022,1676,1647,1707,5030,0,0,0,0,0.37,0.38,0.34,0.36,50.0,1869.504,1834.560,1887.648,5607,4166.538,542.307,8.331,2579.850,2562.300,2598.525,7743
06/29/2011,15:00:00,600.0,V,A,W,A,223,223,223,223,225,225,225,225,222,222,222,222,6.006,6.084,6.242,6.111,0.000,22.543,21.372,21.069,21.661,0.000,633,647,630,1910,1005,1036,1076,3117,0,0,0,0,0.48,0.48,0.45,0.47,50.0,1339.338,1356.732,1391.966,4097,4166.862,542.832,8.331,5072.175,4808.700,4740.525,14517
06/29/2011,15:10:00,600.0,V,A,W,A,224,223,223,223,225,224,224,224,223,222,222,222,8.814,8.736,8.974,8.841,0.000,28.471,27.222,28.561,28.085,0.000,968,962,927,2857,1601,1591,1670,4862,0,0,0,0,0.49,0.49,0.46,0.48,50.0,1974.336,1948.128,2001.202,5937,4167.340,543.644,8.331,6405.975,6097.728,6397.664,18769
06/29/2011,15:20:00,600.0,V,A,W,A,224,224,224,224,226,226,225,226,223,222,222,222,8.814,8.736,9.052,8.867,0.000,12.090,11.934,12.173,12.066,0.000,931,906,872,2709,1657,1647,1725,5029,0,0,0,0,0.47,0.46,0.43,0.45,50.0,1974.336,1956.864,2027.648,5973,4167.794,544.484,8.331,2732.340,2697.084,2738.925,8140
06/29/2011,15:30:00,600.0,V,A,W,A,225,224,224,224,226,226,226,226,224,224,224,224,7.722,7.722,7.959,7.801,0.000,12.168,11.856,12.173,12.066,0.000,875,851,853,2579,1359,1369,1428,4156,0,0,0,0,0.50,0.49,0.47,0.49,50.0,1737.450,1729.728,1782.816,5259,4168.226,545.182,8.331,2749.968,2679.456,2751.098,8122
06/29/2011,15:40:00,600.0,V,A,W,A,225,225,224,225,226,226,226,226,224,224,224,224,4.758,4.992,5.150,4.967,0.000,7.878,7.956,8.193,8.009,0.000,633,647,668,1948,633,703,705,2041,0,0,0,0,0.59,0.59,0.58,0.59,50.0,1070.550,1123.200,1153.600,3354,4168.556,545.528,8.331,1780.428,1798.056,1851.618,5421
06/29/2011,15:50:00,600.0,V,A,W,A,225,224,224,224,226,226,225,226,223,223,223,223,8.814,8.814,9.052,8.893,0.000,21.919,21.450,21.850,21.740,0.000,987,980,964,2931,1601,1610,1670,4881,0,0,0,0,0.50,0.49,0.47,0.49,50.0,1983.150,1974.336,2027.648,5998,4169.046,546.341,8.331,4953.694,4847.700,4916.250,14658
06/29/2011,16:00:00,600.0,V,A,W,A,224,224,224,224,226,225,225,225,223,223,223,223,8.658,8.580,8.896,8.711,0.000,11.934,11.856,12.173,11.988,0.000,949,943,909,2801,1583,1573,1651,4807,0,0,0,0,0.49,0.49,0.45,0.48,50.0,1939.392,1921.920,1992.704,5866,4169.515,547.143,8.331,2697.084,2667.600,2738.925,8086
06/29/2011,16:10:00,600.0,V,A,W,A,223,223,223,223,225,224,224,224,222,222,222,222,5.538,5.538,5.696,5.591,0.000,11.310,11.544,11.237,11.364,0.000,577,592,538,1707,1043,1036,1094,3173,0,0,0,0,0.46,0.48,0.43,0.46,50.0,1234.974,1234.974,1270.208,3746,4169.802,547.674,8.331,2544.750,2585.856,2517.088,7654
06/29/2011,16:20:00,600.0,V,A,W,A,224,224,223,224,225,225,224,225,223,222,223,223,8.424,8.424,8.661,8.503,0.000,22.387,21.372,21.225,21.661,0.000,968,962,946,2876,1471,1480,1540,4491,0,0,0,0,0.52,0.51,0.49,0.51,50.0,1886.976,1886.976,1931.403,5711,4170.286,548.422,8.331,5037.075,4808.700,4754.400,14568
06/29/2011,16:30:00,600.0,V,A,W,A,224,224,224,224,225,225,225,225,223,223,223,223,7.098,7.020,7.257,7.125,0.000,11.934,11.778,12.173,11.962,0.000,763,758,723,2244,1322,1314,1373,4009,0,0,0,0,0.48,0.48,0.45,0.47,50.0,1589.952,1572.480,1625.568,4797,4170.664,549.089,8.331,2685.150,2650.050,2738.925,8071
06/29/2011,16:40:00,600.0,V,A,W,A,225,225,224,225,226,226,225,226,223,223,223,223,0.000,0.000,0.000,0.000,0.000,0.000,0.000,0.000,0.000,0.000,0,0,0,0,0,0,0,0,0,0,0,0,0.00,0.00,0.00,0.00,50.0,0.000,0.000,0.000,0,4170.664,549.089,8.331,0.000,0.000,0.000,0
06/29/2011,16:50:00,600.0,V,A,W,A,225,225,224,225,226,226,225,226,224,224,223,224,1.092,1.092,1.092,1.092,0.000,24.961,25.194,26.220,25.458,0.000,130,129,111,370,130,129,148,407,0,0,0,0,0.56,0.58,0.51,0.55,50.0,245.700,245.700,244.608,735,4170.733,549.163,8.332,5641.186,5693.844,5899.500,17207
06/29/2011,17:00:00,600.0,V,A,W,A,224,224,224,224,226,225,225,225,223,223,223,223,5.850,5.694,5.852,5.799,0.000,11.934,11.544,11.939,11.806,0.000,726,721,649,2096,894,851,927,2672,0,0,0,0,0.56,0.57,0.50,0.54,50.0,1310.400,1275.456,1310.848,3904,4171.088,549.615,8.332,2697.084,2597.400,2686.275,7966
06/29/2011,17:10:00,600.0,V,A,W,A,224,224,224,224,225,225,225,225,223,223,223,223,4.914,4.836,4.838,4.863,0.000,8.268,8.190,8.037,8.165,0.000,633,666,575,1874,707,666,723,2096,0,0,0,0,0.58,0.61,0.53,0.58,50.0,1100.736,1083.264,1083.712,3267,4171.403,549.969,8.332,1860.300,1842.750,1808.325,5478
06/29/2011,17:20:00,600.0,V,A,W,A,224,224,224,224,226,226,226,226,223,222,222,222,5.304,5.226,5.150,5.227,0.000,9.204,9.048,8.661,8.971,0.000,689,721,630,2040,745,703,742,2190,0,0,0,0,0.57,0.62,0.55,0.58,50.0,1188.096,1170.624,1153.600,3525,4171.746,550.335,8.332,2080.104,2044.848,1957.386,6050
06/29/2011,17:30:00,600.0,V,A,W,A,225,225,225,225,226,226,225,226,224,224,224,224,7.098,7.020,7.257,7.125,0.000,15.912,15.132,16.621,15.888,0.000,819,869,890,2578,1192,1147,1169,3508,0,0,0,0,0.52,0.55,0.54,0.54,50.0,1597.050,1579.500,1632.825,4816,4172.178,550.921,8.332,3596.112,3419.832,3739.725,10733
06/29/2011,17:40:00,600.0,V,A,W,A,225,225,225,225,226,227,226,226,224,224,224,224,8.814,8.736,9.052,8.867,0.000,12.402,11.856,12.797,12.352,0.000,931,962,1076,2969,1639,1610,1632,4881,0,0,0,0,0.47,0.48,0.52,0.49,50.0,1983.150,1965.600,2036.700,5999,4172.673,551.737,8.332,2802.852,2691.312,2892.122,8318
06/29/2011,17:50:00,600.0,V,A,W,A,225,225,225,225,227,227,226,227,225,224,224,224,9.048,8.814,9.208,9.023,0.000,14.040,13.650,13.656,13.782,0.000,987,999,1113,3099,1657,1610,1651,4918,0,0,0,0,0.48,0.50,0.53,0.50,50.0,2035.800,1983.150,2071.800,6108,4173.190,552.559,8.332,3187.080,3098.550,3086.256,9314
06/29/2011,18:00:00,600.0,V,A,W,A,227,227,227,227,229,229,229,229,225,225,225,225,9.126,8.970,9.208,9.101,0.000,13.884,13.572,13.968,13.808,0.000,949,980,1076,3005,1695,1647,1670,5012,0,0,0,0,0.46,0.48,0.51,0.49,50.0,2071.602,2036.190,2090.216,6204,4173.695,553.399,8.332,3179.436,3107.988,3198.672,9393
06/29/2011,18:10:00,600.0,V,A,W,A,228,228,228,228,230,231,230,230,228,228,227,228,5.460,5.382,5.774,5.539,0.000,9.672,9.516,9.910,9.699,0.000,372,444,519,1335,1192,1147,1169,3508,0,0,0,0,0.30,0.36,0.39,0.35,50.0,1244.880,1227.096,1316.472,3800,4173.919,553.986,8.332,2224.560,2198.196,2279.300,6648
06/29/2011,18:20:00,600.0,V,A,W,A,228,228,227,228,230,230,229,230,226,227,226,226,4.836,4.758,5.072,4.889,0.000,9.984,9.984,10.300,10.089,0.000,447,518,575,1540,949,888,909,2746,0,0,0,0,0.42,0.49,0.50,0.47,50.0,1102.608,1084.824,1151.344,3340,4174.187,554.448,8.332,2296.320,2296.320,2358.700,6893
06/29/2011,18:30:00,600.0,V,A,W,A,228,228,228,228,229,229,229,229,227,227,227,227,4.992,4.992,5.306,5.097,0.000,11.232,10.764,11.939,11.312,0.000,540,592,668,1800,894,869,872,2635,0,0,0,0,0.48,0.53,0.56,0.52,50.0,1138.176,1138.176,1209.768,3488,4174.496,554.893,8.333,2572.128,2464.956,2734.031,7721
06/29/2011,18:40:00,600.0,V,A,W,A,228,228,228,228,229,229,229,229,227,227,227,227,5.928,5.928,6.242,6.033,0.000,9.126,9.204,9.832,9.387,0.000,745,795,890,2430,949,943,927,2819,0,0,0,0,0.56,0.59,0.63,0.59,50.0,1351.584,1351.584,1423.176,4133,4174.907,555.366,8.333,2089.854,2107.716,2251.528,6408
06/29/2011,18:50:00,600.0,V,A,W,A,229,229,229,229,230,230,230,230,228,228,227,228,7.410,7.410,7.803,7.541,0.000,11.388,11.388,11.783,11.520,0.000,894,925,1039,2858,1285,1277,1280,3842,0,0,0,0,0.52,0.54,0.59,0.55,50.0,1696.890,1696.890,1786.887,5184,4175.386,556.005,8.333,2619.240,2619.240,2710.090,7951
06/29/2011,19:00:00,600.0,V,A,W,A,230,230,230,230,231,232,231,231,229,229,229,229,6.006,6.084,6.320,6.137,0.000,9.906,9.984,10.612,10.167,0.000,763,814,909,2486,987,980,983,2950,0,0,0,0,0.55,0.58,0.63,0.59,50.0,1381.380,1399.320,1453.600,4236,4175.802,556.499,8.333,2288.286,2316.288,2451.372,7017
06/29/2011,19:10:00,600.0,V,A,W,A,229,229,229,229,231,231,231,231,228,228,228,228,7.722,7.722,8.037,7.827,0.000,10.842,10.920,11.237,11.000,0.000,894,925,1039,2858,1397,1388,1391,4176,0,0,0,0,0.50,0.52,0.56,0.53,50.0,1768.338,1768.338,1840.473,5392,4176.281,557.196,8.333,2504.502,2522.520,2595.747,7559
06/29/2011,19:20:00,600.0,V,A,W,A,228,228,229,228,230,230,230,230,227,227,228,227,7.410,7.488,7.725,7.541,0.000,11.310,11.466,11.861,11.546,0.000,838,888,983,2709,1322,1314,1298,3934,0,0,0,0,0.50,0.52,0.56,0.52,50.0,1689.480,1707.264,1769.025,5177,4176.736,557.853,8.333,2601.300,2637.180,2728.030,7892
06/29/2011,19:30:00,600.0,V,A,W,A,229,229,229,229,231,231,231,231,227,227,227,227,1.872,1.950,2.028,1.950,0.000,11.154,11.154,12.095,11.468,0.000,260,277,278,815,186,185,185,556,0,0,0,0,0.61,0.65,0.63,0.63,50.0,428.688,446.550,464.412,1341,4176.878,557.950,8.333,2576.574,2576.574,2793.945,7934
06/29/2011,19:40:00,600.0,V,A,W,A,227,228,227,227,229,230,229,229,226,226,226,226,0.000,0.000,0.000,0.000,0.000,0.000,0.000,0.000,0.000,0.000,0,0,0,0,0,0,0,0,0,0,0,0,0.00,0.00,0.00,0.00,50.0,0.000,0.000,0.000,0,4176.878,557.950,8.333,0.000,0.000,0.000,0
06/29/2011,19:50:00,600.0,V,A,W,A,229,229,229,229,230,231,230,230,228,228,228,228,2.964,3.042,2.887,2.964,0.000,8.034,8.268,8.037,8.113,0.000,391,444,371,1206,353,333,352,1038,0,0,0,0,0.58,0.64,0.57,0.60,50.0,678.756,696.618,661.123,2038,4177.082,558.129,8.333,1847.820,1909.908,1848.510,5599
06/29/2011,20:00:00,600.0,V,A,W,A,229,230,229,229,230,231,230,230,229,229,229,229,6.552,6.630,6.789,6.657,0.000,15.132,15.054,14.202,14.796,0.000,745,795,853,2393,1154,1147,1169,3470,0,0,0,0,0.50,0.53,0.55,0.52,50.0,1500.408,1524.900,1554.681,4592,4177.485,558.710,8.333,3480.360,3477.474,3266.460,10204
06/29/2011,20:10:00,600.0,V,A,W,A,229,229,229,229,230,231,230,230,228,229,229,229,7.254,7.332,7.569,7.385,0.000,11.310,11.466,11.861,11.546,0.000,782,851,927,2560,1359,1351,1354,4064,0,0,0,0,0.47,0.50,0.53,0.50,50.0,1661.166,1679.028,1733.301,5091,4177.915,559.389,8.333,2601.300,2648.646,2728.030,7968
06/29/2011,20:20:00,600.0,V,A,W,A,231,231,231,231,232,232,232,232,230,230,230,230,8.892,8.970,9.130,8.997,0.000,10.686,10.842,11.081,10.870,0.000,875,943,1020,2838,1769,1758,1744,5271,0,0,0,0,0.43,0.45,0.48,0.45,50.0,2054.052,2072.070,2109.030,6237,4178.390,560.268,8.333,2479.152,2515.344,2570.792,7538
06/29/2011,20:30:00,600.0,V,A,W,A,230,230,230,230,231,231,231,231,229,229,229,229,8.736,8.892,9.130,8.919,0.000,16.926,16.224,16.933,16.694,0.000,1005,1055,1169,3229,1639,1628,1632,4899,0,0,0,0,0.50,0.52,0.55,0.52,50.0,2009.280,2045.160,2099.900,6161,4178.932,561.084,8.333,3909.906,3747.744,3911.523,11557
06/29/2011,20:40:00,600.0,V,A,W,A,230,231,231,231,232,232,232,232,229,230,229,229,9.126,9.282,9.442,9.283,0.000,11.388,11.466,11.783,11.546,0.000,968,1036,1131,3135,1750,1739,1725,5214,0,0,0,0,0.46,0.48,0.51,0.48,50.0,2098.980,2144.142,2181.102,6433,4179.456,561.957,8.333,2642.016,2660.112,2733.656,7960
06/29/2011,20:50:00,600.0,V,A,W,A,229,230,229,229,230,231,230,230,229,229,229,229,6.864,7.098,7.023,6.995,0.000,10.920,11.232,11.471,11.208,0.000,800,869,853,2522,1210,1203,1187,3600,0,0,0,0,0.51,0.54,0.53,0.53,50.0,1571.856,1632.540,1608.267,4823,4179.881,562.558,8.333,2511.600,2594.592,2638.330,7698
06/29/2011,21:00:00,600.0,V,A,W,A,230,230,230,230,231,231,231,231,229,230,230,230,4.992,5.226,5.072,5.097,0.000,7.956,8.346,7.959,8.087,0.000,651,721,612,1984,763,758,760,2281,0,0,0,0,0.56,0.60,0.53,0.56,50.0,1148.160,1201.980,1166.560,3523,4180.215,562.942,8.333,1837.836,1927.926,1838.529,5576
06/29/2011,21:10:00,600.0,V,A,W,A,231,231,231,231,232,232,232,232,230,230,230,230,4.914,5.148,4.916,4.993,0.000,8.190,8.658,8.505,8.451,0.000,614,684,593,1891,782,758,760,2300,0,0,0,0,0.54,0.58,0.52,0.55,50.0,1135.134,1189.188,1135.596,3462,4180.532,563.328,8.333,1900.080,2008.656,1973.160,5860
06/29/2011,21:20:00,600.0,V,A,W,A,229,229,229,229,231,232,231,231,228,228,228,228,4.914,5.070,4.916,4.967,0.000,7.254,7.488,7.413,7.385,0.000,614,684,593,1891,745,740,742,2227,0,0,0,0,0.55,0.59,0.52,0.55,50.0,1125.306,1161.030,1125.764,3418,4180.848,563.703,8.333,1675.674,1737.216,1712.403,5072
06/29/2011,21:30:00,600.0,V,A,W,A,227,228,227,227,229,229,229,229,226,226,227,226,4.992,5.226,4.994,5.071,0.000,8.268,8.346,8.271,8.295,0.000,633,703,612,1948,726,721,723,2170,0,0,0,0,0.56,0.59,0.54,0.56,50.0,1133.184,1191.528,1133.638,3465,4181.176,564.067,8.333,1893.372,1911.234,1894.059,5657
06/29/2011,21:40:00,600.0,V,A,W,A,227,227,227,227,228,228,228,228,226,226,226,226,4.914,5.070,4.916,4.967,0.000,7.176,7.566,7.335,7.359,0.000,614,684,593,1891,726,703,723,2152,0,0,0,0,0.56,0.59,0.53,0.56,50.0,1115.478,1150.890,1115.932,3384,4181.493,564.427,8.333,1636.128,1725.048,1672.380,5006
06/29/2011,21:50:00,600.0,V,A,W,A,228,228,228,228,230,230,229,230,228,228,228,228,1.950,2.106,1.950,2.002,0.000,7.254,7.722,7.491,7.489,0.000,242,277,241,760,279,277,278,834,0,0,0,0,0.58,0.59,0.55,0.57,50.0,444.600,480.168,444.600,1374,4181.625,564.573,8.333,1668.420,1776.060,1715.439,5138
06/29/2011,22:00:00,600.0,V,A,W,A,230,230,230,230,231,232,232,232,229,229,229,229,0.000,0.000,0.000,0.000,0.000,0.000,0.000,0.000,0.000,0.000,0,0,0,0,0,0,0,0,0,0,0,0,0.00,0.00,0.00,0.00,50.0,0.000,0.000,0.000,0,4181.625,564.573,8.333,0.000,0.000,0.000,0
06/29/2011,22:10:00,600.0,V,A,W,A,230,231,230,230,232,232,232,232,228,229,229,229,0.000,0.000,0.000,0.000,0.000,0.000,0.000,0.000,0.000,0.000,0,0,0,0,0,0,0,0,0,0,0,0,0.00,0.00,0.00,0.00,50.0,0.000,0.000,0.000,0,4181.625,564.573,8.333,0.000,0.000,0.000,0
06/29/2011,22:20:00,600.0,V,A,W,A,229,230,229,229,232,232,232,232,227,227,227,227,0.000,0.000,0.000,0.000,0.000,0.000,0.000,0.000,0.000,0.000,0,0,0,0,0,0,0,0,0,0,0,0,0.00,0.00,0.00,0.00,50.0,0.000,0.000,0.000,0,4181.625,564.573,8.333,0.000,0.000,0.000,0
06/29/2011,22:30:00,600.0,V,A,W,A,227,228,228,228,228,229,229,229,226,227,227,227,0.000,0.000,0.000,0.000,0.000,0.000,0.000,0.000,0.000,0.000,0,0,0,0,0,0,0,0,0,0,0,0,0.00,0.00,0.00,0.00,50.0,0.000,0.000,0.000,0,4181.625,564.573,8.333,0.000,0.000,0.000,0
06/29/2011,22:40:00,600.0,V,A,W,A,228,228,228,228,229,229,229,229,227,228,228,228,0.000,0.000,0.000,0.000,0.000,0.000,0.000,0.000,0.000,0.000,0,0,0,0,0,0,0,0,0,0,0,0,0.00,0.00,0.00,0.00,50.0,0.000,0.000,0.000,0,4181.625,564.573,8.333,0.000,0.000,0.000,0
06/29/2011,22:50:00,600.0,V,A,W,A,229,230,229,229,230,231,231,231,228,228,229,228,0.000,0.000,0.000,0.000,0.000,0.000,0.000,0.000,0.000,0.000,0,0,0,0,0,0,0,0,0,0,0,0,0.00,0.00,0.00,0.00,50.0,0.000,0.000,0.000,0,4181.625,564.573,8.333,0.000,0.000,0.000,0
06/29/2011,23:00:00,600.0,V,A,W,A,230,231,231,231,232,232,232,232,229,230,229,229,0.000,0.000,0.000,0.000,0.000,0.000,0.000,0.000,0.000,0.000,0,0,0,0,0,0,0,0,0,0,0,0,0.00,0.00,0.00,0.00,50.0,0.000,0.000,0.000,0,4181.625,564.573,8.333,0.000,0.000,0.000,0
06/29/2011,23:10:00,600.0,V,A,W,A,231,231,231,231,232,233,233,233,229,230,230,230,0.000,0.000,0.000,0.000,0.000,0.000,0.000,0.000,0.000,0.000,0,0,0,0,0,0,0,0,0,0,0,0,0.00,0.00,0.00,0.00,50.0,0.000,0.000,0.000,0,4181.625,564.573,8.333,0.000,0.000,0.000,0
06/29/2011,23:20:00,600.0,V,A,W,A,231,232,231,231,233,233,233,233,230,230,230,230,0.000,0.000,0.000,0.000,0.000,0.000,0.000,0.000,0.000,0.000,0,0,0,0,0,0,0,0,0,0,0,0,0.00,0.00,0.00,0.00,50.0,0.000,0.000,0.000,0,4181.625,564.573,8.333,0.000,0.000,0.000,0
06/29/2011,23:30:00,600.0,V,A,W,A,231,232,231,231,233,233,233,233,230,231,230,230,0.000,0.000,0.000,0.000,0.000,0.000,0.000,0.000,0.000,0.000,0,0,0,0,0,0,0,0,0,0,0,0,0.00,0.00,0.00,0.00,50.0,0.000,0.000,0.000,0,4181.625,564.573,8.333,0.000,0.000,0.000,0
06/29/2011,23:40:00,600.0,V,A,W,A,229,230,229,229,231,231,231,231,228,229,228,228,0.000,0.000,0.000,0.000,0.000,0.000,0.000,0.000,0.000,0.000,0,0,0,0,0,0,0,0,0,0,0,0,0.00,0.00,0.00,0.00,50.0,0.000,0.000,0.000,0,4181.625,564.573,8.333,0.000,0.000,0.000,0
06/29/2011,23:50:00,600.0,V,A,W,A,228,229,229,229,229,230,230,230,227,228,227,227,0.000,0.000,0.000,0.000,0.000,0.000,0.000,0.000,0.000,0.000,0,0,0,0,0,0,0,0,0,0,0,0,0.00,0.00,0.00,0.00,50.0,0.000,0.000,0.000,0,4181.625,564.573,8.333,0.000,0.000,0.000,0
06/30/2011,00:00:00,600.0,V,A,W,A,228,229,229,229,229,230,230,230,227,227,227,227,0.000,0.000,0.000,0.000,0.000,0.000,0.000,0.000,0.000,0.000,0,0,0,0,0,0,0,0,0,0,0,0,0.00,0.00,0.00,0.00,49.9,0.000,0.000,0.000,0,4181.625,564.573,8.333,0.000,0.000,0.000,0
06/30/2011,00:10:00,600.0,V,A,W,A,229,229,229,229,230,231,230,230,228,228,228,228,0.000,0.000,0.000,0.000,0.000,0.000,0.000,0.000,0.000,0.000,0,0,0,0,0,0,0,0,0,0,0,0,0.00,0.00,0.00,0.00,50.0,0.000,0.000,0.000,0,4181.625,564.573,8.333,0.000,0.000,0.000,0
06/30/2011,00:20:00,600.0,V,A,W,A,229,230,230,230,231,231,231,231,229,229,229,229,0.000,0.000,0.000,0.000,0.000,0.000,0.000,0.000,0.000,0.000,0,0,0,0,0,0,0,0,0,0,0,0,0.00,0.00,0.00,0.00,50.0,0.000,0.000,0.000,0,4181.625,564.573,8.333,0.000,0.000,0.000,0
06/30/2011,00:30:00,600.0,V,A,W,A,228,228,228,228,231,232,231,231,223,224,223,223,0.000,0.000,0.000,0.000,0.000,0.000,0.000,0.000,0.000,0.000,0,0,0,0,0,0,0,0,0,0,0,0,0.00,0.00,0.00,0.00,50.0,0.000,0.000,0.000,0,4181.625,564.573,8.333,0.000,0.000,0.000,0
06/30/2011,00:40:00,600.0,V,A,W,A,228,228,228,228,230,230,230,230,226,227,226,226,0.000,0.000,0.000,0.000,0.000,0.000,0.000,0.000,0.000,0.000,0,0,0,0,0,0,0,0,0,0,0,0,0.00,0.00,0.00,0.00,50.0,0.000,0.000,0.000,0,4181.625,564.573,8.333,0.000,0.000,0.000,0
06/30/2011,00:50:00,600.0,V,A,W,A,229,229,229,229,230,231,230,230,228,228,228,228,0.000,0.000,0.000,0.000,0.000,0.000,0.000,0.000,0.000,0.000,0,0,0,0,0,0,0,0,0,0,0,0,0.00,0.00,0.00,0.00,50.0,0.000,0.000,0.000,0,4181.625,564.573,8.333,0.000,0.000,0.000,0
06/30/2011,01:00:00,600.0,V,A,W,A,229,230,229,229,230,231,230,230,229,229,229,229,0.000,0.000,0.000,0.000,0.000,0.000,0.000,0.000,0.000,0.000,0,0,0,0,0,0,0,0,0,0,0,0,0.00,0.00,0.00,0.00,50.0,0.000,0.000,0.000,0,4181.625,564.573,8.333,0.000,0.000,0.000,0
06/30/2011,01:10:00,600.0,V,A,W,A,230,230,230,230,231,231,231,231,229,229,229,229,0.000,0.000,0.000,0.000,0.000,0.000,0.000,0.000,0.000,0.000,0,0,0,0,0,0,0,0,0,0,0,0,0.00,0.00,0.00,0.00,50.0,0.000,0.000,0.000,0,4181.625,564.573,8.333,0.000,0.000,0.000,0
06/30/2011,01:20:00,600.0,V,A,W,A,230,231,231,231,231,232,232,232,229,229,230,229,0.000,0.000,0.000,0.000,0.000,0.000,0.000,0.000,0.000,0.000,0,0,0,0,0,0,0,0,0,0,0,0,0.00,0.00,0.00,0.00,50.0,0.000,0.000,0.000,0,4181.625,564.573,8.333,0.000,0.000,0.000,0
06/30/2011,01:30:00,600.0,V,A,W,A,231,231,231,231,231,232,232,232,230,230,230,230,0.000,0.000,0.000,0.000,0.000,0.000,0.000,0.000,0.000,0.000,0,0,0,0,0,0,0,0,0,0,0,0,0.00,0.00,0.00,0.00,50.0,0.000,0.000,0.000,0,4181.625,564.573,8.333,0.000,0.000,0.000,0
06/30/2011,01:40:00,600.0,V,A,W,A,232,232,232,232,232,233,233,233,230,231,231,231,0.000,0.000,0.000,0.000,0.000,0.000,0.000,0.000,0.000,0.000,0,0,0,0,0,0,0,0,0,0,0,0,0.00,0.00,0.00,0.00,50.0,0.000,0.000,0.000,0,4181.625,564.573,8.333,0.000,0.000,0.000,0
06/30/2011,01:50:00,600.0,V,A,W,A,232,232,232,232,233,233,233,233,231,231,231,231,0.000,0.000,0.000,0.000,0.000,0.000,0.000,0.000,0.000,0.000,0,0,0,0,0,0,0,0,0,0,0,0,0.00,0.00,0.00,0.00,50.0,0.000,0.000,0.000,0,4181.625,564.573,8.333,0.000,0.000,0.000,0
06/30/2011,02:00:00,600.0,V,A,W,A,231,231,231,231,232,233,233,233,230,230,230,230,0.000,0.000,0.000,0.000,0.000,0.000,0.000,0.000,0.000,0.000,0,0,0,0,0,0,0,0,0,0,0,0,0.00,0.00,0.00,0.00,50.0,0.000,0.000,0.000,0,4181.625,564.573,8.333,0.000,0.000,0.000,0
06/30/2011,02:10:00,600.0,V,A,W,A,230,231,230,230,232,232,232,232,229,230,229,229,0.000,0.000,0.000,0.000,0.000,0.000,0.000,0.000,0.000,0.000,0,0,0,0,0,0,0,0,0,0,0,0,0.00,0.00,0.00,0.00,50.0,0.000,0.000,0.000,0,4181.625,564.573,8.333,0.000,0.000,0.000,0
06/30/2011,02:20:00,600.0,V,A,W,A,230,231,230,230,231,232,231,231,229,229,229,229,0.000,0.000,0.000,0.000,0.000,0.000,0.000,0.000,0.000,0.000,0,0,0,0,0,0,0,0,0,0,0,0,0.00,0.00,0.00,0.00,50.0,0.000,0.000,0.000,0,4181.625,564.573,8.333,0.000,0.000,0.000,0
06/30/2011,02:30:00,600.0,V,A,W,A,230,231,231,231,231,232,231,231,230,229,230,230,0.000,0.000,0.000,0.000,0.000,0.000,0.000,0.000,0.000,0.000,0,0,0,0,0,0,0,0,0,0,0,0,0.00,0.00,0.00,0.00,50.0,0.000,0.000,0.000,0,4181.625,564.573,8.333,0.000,0.000,0.000,0
06/30/2011,02:40:00,600.0,V,A,W,A,231,231,231,231,232,232,232,232,230,230,230,230,0.000,0.000,0.000,0.000,0.000,0.000,0.000,0.000,0.000,0.000,0,0,0,0,0,0,0,0,0,0,0,0,0.00,0.00,0.00,0.00,50.0,0.000,0.000,0.000,0,4181.625,564.573,8.333,0.000,0.000,0.000,0
06/30/2011,02:50:00,600.0,V,A,W,A,231,232,232,232,233,233,233,233,231,231,231,231,0.000,0.000,0.000,0.000,0.000,0.000,0.000,0.000,0.000,0.000,0,0,0,0,0,0,0,0,0,0,0,0,0.00,0.00,0.00,0.00,50.0,0.000,0.000,0.000,0,4181.625,564.573,8.333,0.000,0.000,0.000,0
06/30/2011,03:00:00,600.0,V,A,W,A,231,231,231,231,232,232,232,232,230,230,230,230,0.000,0.000,0.000,0.000,0.000,0.000,0.000,0.000,0.000,0.000,0,0,0,0,0,0,0,0,0,0,0,0,0.00,0.00,0.00,0.00,50.0,0.000,0.000,0.000,0,4181.625,564.573,8.333,0.000,0.000,0.000,0
06/30/2011,03:10:00,600.0,V,A,W,A,231,231,231,231,232,232,232,232,230,230,230,230,0.000,0.000,0.000,0.000,0.000,0.000,0.000,0.000,0.000,0.000,0,0,0,0,0,0,0,0,0,0,0,0,0.00,0.00,0.00,0.00,50.0,0.000,0.000,0.000,0,4181.625,564.573,8.333,0.000,0.000,0.000,0
06/30/2011,03:20:00,600.0,V,A,W,A,231,231,231,231,232,232,232,232,230,230,231,230,0.000,0.000,0.000,0.000,0.000,0.000,0.000,0.000,0.000,0.000,0,0,0,0,0,0,0,0,0,0,0,0,0.00,0.00,0.00,0.00,50.0,0.000,0.000,0.000,0,4181.625,564.573,8.333,0.000,0.000,0.000,0
06/30/2011,03:30:00,600.0,V,A,W,A,231,232,231,231,232,233,232,232,230,231,231,231,0.000,0.000,0.000,0.000,0.000,0.000,0.000,0.000,0.000,0.000,0,0,0,0,0,0,0,0,0,0,0,0,0.00,0.00,0.00,0.00,50.0,0.000,0.000,0.000,0,4181.625,564.573,8.333,0.000,0.000,0.000,0
06/30/2011,03:40:00,600.0,V,A,W,A,231,232,232,232,232,233,233,233,231,231,231,231,0.000,0.000,0.000,0.000,0.000,0.000,0.000,0.000,0.000,0.000,0,0,0,0,0,0,0,0,0,0,0,0,0.00,0.00,0.00,0.00,50.0,0.000,0.000,0.000,0,4181.625,564.573,8.333,0.000,0.000,0.000,0
06/30/2011,03:50:00,600.0,V,A,W,A,232,233,232,232,233,234,233,233,230,231,230,230,0.000,0.000,0.000,0.000,0.000,0.000,0.000,0.000,0.000,0.000,0,0,0,0,0,0,0,0,0,0,0,0,0.00,0.00,0.00,0.00,50.0,0.000,0.000,0.000,0,4181.625,564.573,8.333,0.000,0.000,0.000,0
06/30/2011,04:00:00,600.0,V,A,W,A,231,232,232,232,232,233,233,233,229,230,230,230,0.000,0.000,0.000,0.000,0.000,0.000,0.000,0.000,0.000,0.000,0,0,0,0,0,0,0,0,0,0,0,0,0.00,0.00,0.00,0.00,50.0,0.000,0.000,0.000,0,4181.625,564.573,8.333,0.000,0.000,0.000,0
06/30/2011,04:10:00,600.0,V,A,W,A,230,231,231,231,231,232,232,232,229,230,230,230,0.000,0.000,0.000,0.000,0.000,0.000,0.000,0.000,0.000,0.000,0,0,0,0,0,0,0,0,0,0,0,0,0.00,0.00,0.00,0.00,50.0,0.000,0.000,0.000,0,4181.625,564.573,8.333,0.000,0.000,0.000,0
06/30/2011,04:20:00,600.0,V,A,W,A,231,231,231,231,231,232,232,232,230,231,231,231,0.000,0.000,0.000,0.000,0.000,0.000,0.000,0.000,0.000,0.000,0,0,0,0,0,0,0,0,0,0,0,0,0.00,0.00,0.00,0.00,50.0,0.000,0.000,0.000,0,4181.625,564.573,8.333,0.000,0.000,0.000,0
06/30/2011,04:30:00,600.0,V,A,W,A,230,231,231,231,231,232,232,232,229,230,230,230,56.708,59.514,60.087,58.770,0.000,86.814,86.268,96.757,89.946,0.000,12908,13548,13638,40094,2365,2554,2746,7665,0,0,0,0,0.98,0.98,0.98,0.98,50.0,13042.840,13747.734,13880.097,40735,4188.288,565.851,8.333,20054.034,20014.176,22447.624,62002
06/30/2011,04:40:00,600.0,V,A,W,A,230,231,231,231,231,231,232,231,229,229,230,229,70.593,71.448,72.807,71.616,0.000,78.468,78.546,86.769,81.261,0.000,16056,16232,16514,48802,2998,3257,3469,9724,0,0,0,0,0.98,0.98,0.98,0.98,50.0,16236.390,16504.488,16818.417,49637,4196.400,567.470,8.333,18126.108,18144.126,20130.408,56058
06/30/2011,04:50:00,600.0,V,A,W,A,230,230,230,230,231,231,232,231,229,229,229,229,70.827,71.370,72.885,71.694,0.000,82.836,82.914,88.642,84.797,0.000,16112,16176,16496,48784,3054,3331,3525,9910,0,0,0,0,0.98,0.98,0.98,0.98,50.0,16290.210,16415.100,16763.550,49641,4204.506,569.122,8.333,19135.116,19153.134,20564.944,58232
06/30/2011,05:00:00,600.0,V,A,W,A,230,230,230,230,230,231,231,231,229,230,230,230,70.281,70.668,72.105,71.018,0.000,81.432,81.666,83.258,82.119,0.000,15963,16010,16329,48302,2998,3276,3469,9743,0,0,0,0,0.98,0.98,0.98,0.98,50.0,16164.630,16253.640,16584.150,49105,4212.531,570.745,8.333,18729.360,18864.846,19232.598,56545
06/30/2011,05:10:00,600.0,V,A,W,A,229,230,230,230,230,231,231,231,229,229,229,229,51.404,51.870,53.064,52.113,0.000,80.808,80.340,82.633,81.260,0.000,11343,11401,11653,34397,2887,3091,3265,9243,0,0,0,0,0.96,0.95,0.95,0.95,50.0,11771.516,11930.100,12204.720,35984,4218.247,572.286,8.333,18585.840,18558.540,19088.223,55556
06/30/2011,05:20:00,600.0,V,A,W,A,230,230,230,230,231,231,231,231,229,229,230,229,57.878,58.188,59.541,58.536,0.000,80.574,80.808,85.130,82.171,0.000,12945,12974,13248,39167,2905,3128,3321,9354,0,0,0,0,0.97,0.96,0.96,0.96,50.0,13311.940,13383.240,13694.430,40489,4224.754,573.847,8.333,18612.594,18666.648,19665.030,56781
06/30/2011,05:30:00,600.0,V,A,W,A,230,230,230,230,231,231,231,231,229,228,229,229,52.418,52.572,54.000,52.997,0.000,78.546,78.468,81.385,79.466,0.000,11585,11568,11875,35028,2868,3053,3265,9186,0,0,0,0,0.96,0.95,0.95,0.95,50.0,12056.140,12091.560,12420.000,36593,4230.576,575.375,8.333,18144.126,18126.108,18799.935,54468
06/30/2011,05:40:00,600.0,V,A,W,A,230,230,230,230,231,231,231,231,228,228,228,228,49.844,49.998,51.503,50.448,0.000,75.429,75.972,81.853,77.751,0.000,10971,10957,11263,33191,2849,3035,3228,9112,0,0,0,0,0.95,0.95,0.95,0.95,50.0,11464.120,11499.540,11845.690,34832,4236.092,576.893,8.333,17424.099,17549.532,18908.043,53233
06/30/2011,05:50:00,600.0,V,A,W,A,229,229,229,229,230,230,230,230,229,228,229,229,47.582,48.282,49.084,48.316,0.000,81.042,77.298,81.385,79.908,0.000,10412,10531,10632,31575,2812,2979,3173,8964,0,0,0,0,0.95,0.95,0.94,0.94,50.0,10896.278,11056.578,11240.236,33281,4241.343,578.386,8.333,18639.660,17778.540,18718.550,54945
06/30/2011,06:00:00,600.0,V,A,W,A,229,228,229,229,230,230,230,230,228,228,228,228,34.711,35.490,35.896,35.366,0.000,58.112,60.372,61.570,60.018,0.000,7283,7440,7440,22163,2700,2831,2987,8518,0,0,0,0,0.91,0.91,0.90,0.91,50.0,7948.819,8091.720,8220.184,24300,4245.034,579.806,8.333,13365.760,13885.560,14161.100,41007
06/30/2011,06:10:00,600.0,V,A,W,A,229,229,229,229,230,230,230,230,227,227,227,227,40.874,41.886,42.373,41.711,0.000,65.913,68.562,68.359,67.611,0.000,8773,8995,9036,26804,2738,2905,3061,8704,0,0,0,0,0.93,0.93,0.92,0.93,50.0,9360.146,9591.894,9703.417,28690,4249.490,581.256,8.333,15159.990,15769.260,15722.570,46536
06/30/2011,06:20:00,600.0,V,A,W,A,229,229,229,229,230,230,230,230,229,228,229,229,48.908,49.686,50.567,49.720,0.000,66.147,64.662,71.324,67.378,0.000,10729,10901,11022,32652,2794,2998,3173,8965,0,0,0,0,0.95,0.95,0.94,0.95,50.0,11199.932,11378.094,11579.843,34285,4254.915,582.749,8.333,15213.810,14872.260,16404.520,45234
06/30/2011,06:30:00,600.0,V,A,W,A,229,229,229,229,230,230,230,230,228,228,228,228,51.248,51.480,52.908,51.879,0.000,67.551,66.690,70.154,68.132,0.000,11306,11327,11578,34211,2738,2942,3135,8815,0,0,0,0,0.96,0.95,0.95,0.95,50.0,11735.792,11788.920,12115.932,35710,4260.603,584.220,8.333,15536.730,15338.700,16135.420,45893
06/30/2011,06:40:00,600.0,V,A,W,A,229,229,229,229,230,230,230,230,228,228,228,228,49.532,50.934,52.362,50.943,0.000,66.459,67.470,69.764,67.898,0.000,10878,11123,11449,33450,2738,3128,3135,9001,0,0,0,0,0.95,0.95,0.95,0.95,50.0,11342.828,11663.886,11990.898,35054,4266.164,585.718,8.333,15285.570,15518.100,16045.720,46594
06/30/2011,06:50:00,600.0,V,A,W,A,228,228,228,228,229,229,229,229,227,227,227,227,57.722,58.812,60.321,58.952,0.000,74.181,74.490,78.420,75.697,0.000,12834,13011,13341,39186,2738,3146,3173,9057,0,0,0,0,0.97,0.96,0.96,0.97,50.0,13160.616,13409.136,13753.188,40411,4272.677,587.226,8.333,16987.449,17058.210,17958.180,51839
06/30/2011,07:00:00,600.0,V,A,W,A,227,227,227,227,229,229,229,229,226,226,226,226,28.393,29.796,30.590,29.593,0.000,57.644,58.110,63.677,59.810,0.000,5737,5941,6142,17820,2626,2887,2931,8444,0,0,0,0,0.88,0.87,0.88,0.88,50.0,6445.211,6763.692,6943.930,20213,4275.640,588.635,8.333,13200.476,13307.190,14582.033,40616
06/30/2011,07:10:00,600.0,V,A,W,A,227,227,227,227,228,228,228,228,226,226,226,226,31.279,32.916,33.711,32.635,0.000,68.721,69.420,72.885,70.342,0.000,6407,6663,6902,19972,2663,2979,2950,8592,0,0,0,0,0.90,0.89,0.90,0.89,50.0,7100.333,7471.932,7652.397,22251,4278.960,590.065,8.333,15668.388,15827.760,16617.780,47439
06/30/2011,07:20:00,600.0,V,A,W,A,228,227,227,227,229,229,229,229,226,226,226,226,47.270,48.594,49.865,48.576,0.000,75.429,76.284,79.746,77.153,0.000,10282,10457,10781,31520,2738,3109,3098,8945,0,0,0,0,0.95,0.94,0.94,0.94,50.0,10777.560,11030.838,11319.355,33205,4284.197,591.554,8.333,17273.241,17469.036,18261.834,52796
06/30/2011,07:30:00,600.0,V,A,W,A,229,228,228,228,230,230,229,230,227,227,227,227,54.056,55.848,57.044,55.649,0.000,75.585,76.752,79.356,77.231,0.000,11939,12234,12543,36716,2812,3257,3173,9242,0,0,0,0,0.96,0.95,0.96,0.96,50.0,12378.824,12733.344,13006.032,38212,4290.299,593.093,8.333,17384.550,17652.960,18172.524,52912
06/30/2011,07:40:00,600.0,V,A,W,A,229,229,229,229,230,230,230,230,228,228,228,228,42.122,43.212,44.324,43.219,0.000,75.897,77.142,80.214,77.751,0.000,9071,9217,9482,27770,2719,3053,3043,8815,0,0,0,0,0.94,0.93,0.93,0.93,50.0,9645.938,9895.548,10150.196,29697,4294.914,594.561,8.333,17456.310,17742.660,18449.220,53355
06/30/2011,07:50:00,600.0,V,A,W,A,228,227,227,227,229,229,229,229,226,226,226,226,45.398,47.034,48.148,46.860,0.000,75.195,75.972,79.356,76.841,0.000,9816,10050,10372,30238,2738,3109,3061,8908,0,0,0,0,0.94,0.93,0.94,0.94,50.0,10350.744,10676.718,10929.596,32020,4299.942,596.044,8.333,17219.655,17397.588,18172.524,52240
06/30/2011,08:00:00,600.0,V,A,W,A,225,225,225,225,227,227,227,227,224,224,224,224,56.318,57.720,59.229,57.756,0.000,75.585,76.284,79.044,76.971,0.000,12349,12549,12914,37812,2700,3128,3080,8908,0,0,0,0,0.97,0.96,0.96,0.96,50.0,12671.550,12987.000,13326.525,39097,4306.230,597.527,8.333,17157.795,17316.468,17942.988,51661
06/30/2011,08:10:00,600.0,V,A,W,A,225,225,225,225,227,227,227,227,223,224,223,223,48.206,48.750,50.099,49.018,0.000,75.117,75.348,77.255,75.907,0.000,10337,10383,10632,31352,2943,3202,3321,9466,0,0,0,0,0.95,0.94,0.94,0.94,50.0,10846.350,10968.750,11272.275,33146,4311.439,599.102,8.333,17051.559,17103.996,17536.885,51385
06/30/2011,08:20:00,600.0,V,A,W,A,226,226,226,226,228,228,228,228,224,224,224,224,29.875,30.966,31.682,30.841,0.000,59.673,60.294,61.024,60.330,0.000,5867,6015,6160,18042,3036,3257,3340,9633,0,0,0,0,0.86,0.85,0.85,0.86,50.0,6751.750,6998.316,7160.132,20956,4314.439,600.708,8.333,13605.444,13747.032,13913.472,40781
06/30/2011,08:30:00,600.0,V,A,W,A,225,226,225,225,227,227,226,227,224,224,224,224,32.215,33.306,34.179,33.233,0.000,59.517,60.294,64.223,61.345,0.000,6389,6533,6717,19639,3036,3276,3358,9670,0,0,0,0,0.88,0.86,0.87,0.87,50.0,7248.375,7527.156,7690.275,22527,4317.708,602.320,8.333,13510.359,13686.738,14514.398,41141
06/30/2011,08:40:00,600.0,V,A,W,A,227,227,227,227,231,231,230,231,225,224,224,224,30.265,31.278,32.072,31.205,0.000,62.481,64.350,63.755,63.529,0.000,5923,6070,6234,18227,3110,3313,3395,9818,0,0,0,0,0.86,0.85,0.85,0.85,50.0,6870.155,7100.106,7280.344,21307,4320.739,603.956,8.333,14433.111,14864.850,14663.650,42787
06/30/2011,08:50:00,600.0,V,A,W,A,228,228,227,228,229,229,229,229,226,226,225,226,32.449,33.462,34.491,33.467,0.000,63.651,64.740,64.457,64.283,0.000,6538,6681,6884,20103,3054,3276,3377,9707,0,0,0,0,0.88,0.87,0.87,0.88,50.0,7398.372,7629.336,7829.457,22874,4324.083,605.574,8.333,14576.079,14825.460,14760.653,43567
06/30/2011,09:00:00,600.0,V,A,W,A,226,227,226,226,228,228,227,228,225,225,224,225,32.605,33.228,34.179,33.337,0.000,57.098,57.174,63.287,59.186,0.000,6742,6811,6995,20548,2607,2813,2894,8314,0,0,0,0,0.91,0.90,0.90,0.90,50.0,7368.730,7542.756,7724.454,22675,4327.498,606.959,8.333,13018.344,13035.672,14366.149,39925
06/30/2011,09:10:00,600.0,V,A,W,A,225,225,225,225,227,227,226,227,224,224,224,224,32.917,33.618,34.335,33.623,0.000,59.205,59.514,61.414,60.044,0.000,6798,6866,7014,20678,2589,2757,2857,8203,0,0,0,0,0.91,0.90,0.90,0.90,50.0,7406.325,7564.050,7725.375,22759,4330.934,608.325,8.333,13439.535,13509.678,13879.564,40053
06/30/2011,09:20:00,600.0,V,A,W,A,225,225,224,225,227,227,226,227,224,224,224,224,34.477,35.256,36.286,35.340,0.000,64.119,63.648,64.145,63.971,0.000,6947,7051,7255,21253,2998,3183,3284,9465,0,0,0,0,0.89,0.88,0.88,0.89,50.0,7757.325,7932.600,8128.064,23878,4334.468,609.901,8.333,14555.013,14448.096,14496.770,43156
06/30/2011,09:30:00,600.0,V,A,W,A,225,224,224,224,227,227,226,227,223,223,223,223,33.853,34.632,35.662,34.716,0.000,63.417,63.258,66.408,64.361,0.000,6854,6959,7162,20975,2887,3091,3191,9169,0,0,0,0,0.90,0.89,0.89,0.89,50.0,7616.925,7757.568,7988.288,23424,4337.956,611.426,8.333,14395.659,14359.566,15008.208,42957
06/30/2011,09:40:00,600.0,V,A,W,A,224,224,224,224,225,225,225,225,223,223,223,223,42.044,42.744,43.700,42.829,0.000,75.975,76.128,79.044,77.049,0.000,8736,8810,8981,26527,3073,3294,3395,9762,0,0,0,0,0.92,0.91,0.91,0.92,50.0,9417.856,9574.656,9788.800,28828,4342.365,613.053,8.333,17094.375,17128.800,17784.900,51339
06/30/2011,09:50:00,600.0,V,A,W,A,224,223,223,223,225,225,224,225,223,223,223,223,67.317,67.704,68.983,68.001,0.000,76.131,76.206,80.448,77.595,0.000,14827,14807,15067,44701,3036,3331,3451,9818,0,0,0,0,0.98,0.97,0.97,0.97,50.0,15079.008,15097.992,15383.209,45676,4349.791,614.689,8.333,17129.475,17146.350,18020.352,52057
06/30/2011,10:00:00,600.0,V,A,W,A,224,224,224,224,226,225,225,225,223,222,222,222,24.805,26.208,26.454,25.822,0.000,46.724,48.750,50.957,48.810,0.000,4600,4830,4843,14273,3036,3220,3284,9540,0,0,0,0,0.82,0.82,0.81,0.82,50.0,5556.320,5870.592,5925.696,17390,4352.165,616.278,8.333,10559.624,10968.750,11465.325,31899
06/30/2011,10:10:00,600.0,V,A,W,A,225,224,224,224,227,227,226,227,223,222,222,222,33.853,35.334,35.740,34.976,0.000,60.843,61.230,62.116,61.396,0.000,6798,7070,7106,20974,3017,3220,3302,9539,0,0,0,0,0.89,0.88,0.88,0.88,50.0,7616.925,7914.816,8005.760,23590,4355.651,617.864,8.333,13811.361,13899.210,14038.216,40962
06/30/2011,10:20:00,600.0,V,A,W,A,225,225,225,225,227,227,226,227,224,224,224,224,58.268,58.656,60.243,59.056,0.000,74.961,75.036,78.810,76.269,0.000,12722,12734,13044,38500,3036,3294,3432,9762,0,0,0,0,0.96,0.96,0.96,0.96,50.0,13110.300,13197.600,13554.675,39947,4362.050,619.491,8.333,17016.147,17033.172,17811.060,51157
06/30/2011,10:30:00,600.0,V,A,W,A,226,226,225,226,228,228,228,228,222,221,221,221,54.212,54.522,56.185,54.973,0.000,75.195,75.114,77.489,75.933,0.000,11790,11771,12098,35659,3036,3276,3432,9744,0,0,0,0,0.96,0.95,0.95,0.95,50.0,12251.912,12321.972,12641.625,37317,4367.975,621.115,8.333,17144.460,17125.992,17667.492,50928
06/30/2011,10:40:00,600.0,V,A,W,A,227,226,226,226,228,228,227,228,226,226,225,226,39.938,40.560,41.827,40.775,0.000,75.351,75.504,77.255,76.037,0.000,8363,8440,8665,25468,2943,3128,3265,9336,0,0,0,0,0.92,0.91,0.91,0.91,50.0,9065.926,9166.560,9452.902,27736,4372.211,622.670,8.333,17180.028,17214.912,17536.885,51548
06/30/2011,10:50:00,600.0,V,A,W,A,166,168,167,167,228,228,228,228,0,0,0,0,29.251,30.186,32.072,30.503,0.000,74.025,75.504,78.264,75.931,0.000,5811,5885,6012,17708,2030,2165,2282,6477,0,0,0,0,1.00,1.00,1.00,1.00,67.5,5811.000,5885.000,6012.000,17720,4375.153,623.751,8.333,16877.700,17214.912,17844.192,51231
06/30/2011,11:00:00,600.0,V,A,W,A,0,0,0,0,0,0,0,0,0,0,0,0,0.000,0.000,0.000,0.000,0.000,3.120,3.042,2.965,3.042,0.000,0,0,0,0,0,0,0,0,0,0,0,0,0.00,0.00,0.00,0.00,0.0,0.000,0.000,0.000,0,4375.153,623.751,8.333,0.000,0.000,0.000,0
06/30/2011,11:10:00,600.0,V,A,W,A,37,60,61,53,227,227,227,227,0,0,0,0,0.000,0.000,0.000,0.000,0.000,3.120,3.432,3.043,3.198,0.000,0,0,0,0,0,0,0,0,0,0,0,0,0.00,0.00,0.00,0.00,150.8,0.000,0.000,0.000,0,4375.161,623.752,8.336,708.240,779.064,690.761,720
06/30/2011,11:20:00,600.0,V,A,W,A,224,225,224,224,227,227,227,227,222,222,222,222,0.000,0.000,0.000,0.000,0.000,5.616,5.460,5.696,5.591,0.000,0,0,0,0,0,0,0,0,0,0,0,0,0.00,0.00,0.00,0.00,50.0,0.000,0.000,0.000,0,4375.246,623.778,8.388,1274.832,1239.420,1292.992,3762
06/30/2011,11:30:00,600.0,V,A,W,A,223,223,223,223,225,225,225,225,221,221,221,221,6.552,6.630,6.320,6.501,0.000,31.435,31.044,30.902,31.127,0.000,1341,1221,204,2766,0,832,0,832,577,0,1243,1820,-0.92,0.83,-0.15,-0.64,50.0,1461.096,1478.490,1409.360,4359,4375.747,623.931,8.700,7072.875,6984.900,6952.950,20713
06/30/2011,11:40:00,600.0,V,A,W,A,223,223,223,223,224,224,224,224,219,220,219,219,11.388,11.466,11.003,11.286,0.000,56.630,54.678,54.937,55.415,0.000,2347,2091,408,4846,0,1480,0,1480,968,0,2226,3194,-0.92,0.82,-0.17,-0.64,50.0,2539.524,2556.918,2453.669,7554,4376.555,624.180,9.205,12685.120,12247.872,12305.888,36603
